sim,transition_type,pre_closure,post_closure,final_closure,c_min_post,rec_latency,rec_fidelity,rec_probability,half_life,pre_order,post_order
0,closure_reorg,0.5458819379861304,0.6909947310532394,0.6909947310532394,0.0,16,0.7346542590134157,1,500,0.9158920579404201,0.7533152323865027
1,closure_reorg,0.924737035431493,0.9613084308944058,0.9613084308944058,0.9262234587142597,0,0.9604948337776433,1,500,0.9807309848666753,0.9804949301765552
2,coupling_weaken,0.6992020812241738,0.46721496070739227,0.46721496070739227,0.3063604853973612,0,0.6686854741831173,1,500,0.9107354313012567,0.36157896170008563
3,fragmentation,0.4012037121174161,0.1934036443337838,0.1934036443337838,0.043830832078407454,0,0.4833462210240147,0,500,0.7201640647750444,0.47787294783806966
4,fragmentation,0.2543710447203019,0.3060648293366623,0.3060648293366623,0.11662069672462295,14,0.7975738217581457,1,500,0.3790938337198475,0.48948438624759744
5,coupling_strengthen,0.23626632262474948,0.7273435287135226,0.7273435287135226,0.16452589257217584,0,0.0,1,500,0.624979583825041,0.8702610068609385
6,coupling_strengthen,0.2865373016017149,0.6508930403881175,0.6508930403881175,0.05077765712341228,8,0.0,1,500,0.5189868852705208,0.8026873711214112
7,fragmentation,0.266283494972174,0.18042881104139824,0.18042881104139824,0.08278537925839645,0,0.6787879328661359,0,500,0.52702363768538,0.13738734604667802
8,fragmentation,0.3429353282071869,0.2487182924577674,0.2487182924577674,0.11605641503567697,0,0.7260617679476558,0,500,0.7999970924673991,0.4004974579764449
9,coupling_weaken,0.5579819250433142,0.31889964859724707,0.31889964859724707,0.10261903169137944,56,0.5722897901796355,1,500,0.6809896189816359,0.5952648272512778
10,topology_change,0.6186069940799119,0.8920417679913226,0.8920417679913226,0.5030774550405227,0,0.5586964373805224,1,500,0.7983424120552662,0.9537170897297483
11,fragmentation,0.4591196752160129,0.3880358846036195,0.3880358846036195,0.18620895619525232,0,0.8455102130135566,1,500,0.7592850622882383,0.44749897072831035
12,topology_change,0.5866229753662444,0.33813362346494774,0.33813362346494774,4.771408578597064e-05,0,0.5771279165073113,1,500,0.6734872312104713,0.7744761052796292
13,fragmentation,0.6213298678006445,0.29013095592433774,0.29013095592433774,0.01714460858561331,74,0.46780810465230294,0,500,0.8501724740213815,0.6755621332840682
14,coupling_weaken,0.6908729715880837,0.23760820600083388,0.23760820600083388,0.011336856656322891,0,0.34487285354296604,0,500,0.8406123538184687,0.5465896647052947
15,topology_change,0.8012398715712638,0.8585465169346485,0.8585465169346485,0.7490719485394262,0,0.9285666950819284,1,500,0.9316954901521579,0.9254439261490817
16,coupling_weaken,0.2050096458577026,0.3214285083670901,0.3214285083670901,0.11055643828119315,0,0.4348863519245031,1,500,0.6797097345343086,0.31437452003167043
17,fragmentation,0.5748968630038109,0.35104447872792693,0.35104447872792693,0.28666477072935564,0,0.6112977884472299,1,500,0.8655826667291484,0.3801348863479766
18,closure_reorg,0.42146652932711676,0.6400643981602112,0.6400643981602112,0.0,0,0.4825676032104459,1,500,0.43082358243502883,0.712136639638542
19,coupling_strengthen,0.20549688068680635,0.6868864807793962,0.6868864807793962,0.14705257948635783,0,0.0,1,500,0.31458649959500223,0.8393834680830747
20,topology_change,0.6068023831551007,0.5078759019102276,0.5078759019102276,0.35992750465738327,0,0.837239069825054,1,500,0.7155647222409229,0.682258635323754
21,closure_reorg,0.2698242232218587,0.29547817342481997,0.29547817342481997,0.0,0,0.9052745360153932,0,500,0.5949173945975869,0.3862074512427088
22,coupling_strengthen,0.3115472737248689,0.7103263666284776,0.7103263666284776,0.28849456950084096,0,0.0,1,500,0.6460244171727035,0.8651280261355232
23,bifurcation,0.5073819420437117,0.4467520757741462,0.4467520757741462,0.23967600703048486,0,0.880739536054661,1,500,0.7116959179326998,0.8261660033883617
24,coupling_weaken,0.7338613482466446,0.28437207072992043,0.28437207072992043,0.13837026068276487,0,0.38833457687060147,0,500,0.8738138529588259,0.2047092345491122
25,coupling_strengthen,0.294937183147332,0.643429565143669,0.643429565143669,0.31960261377024435,0,0.0,1,500,0.7950249472105168,0.8215387521924993
26,coupling_strengthen,0.2726658472480584,0.8337255970358078,0.8337255970358078,0.0,0,0.0,0,500,0.5470228550290521,0.962604884318613
27,topology_change,0.5176298829997409,0.5641910238682568,0.5641910238682568,0.34648830364291666,0,0.9102227958805467,1,500,0.7193439603470603,0.7351233203859797
28,bifurcation,0.36725489780680326,0.5887255079691874,0.5887255079691874,0.22520974666597515,0,0.39859425772369816,1,500,0.9002709972344551,0.697427007530188
29,coupling_strengthen,0.2677077771619904,0.5241369997138602,0.5241369997138602,0.23770837431389108,0,0.04569482409405101,1,500,0.3268835215685666,0.9142399603087551
30,bifurcation,0.5204648240918428,0.524574146241817,0.524574146241817,0.29746497583513154,14,0.9921196560916055,1,500,0.49637941504333083,0.530637712093442
31,topology_change,0.5128102912704237,0.6549949428854682,0.6549949428854682,0.3355843251517618,0,0.7232740292852342,1,500,0.7430678430397261,0.8187036153894579
32,coupling_strengthen,0.19247951083430495,0.7022428662449726,0.7022428662449726,0.11731510753089014,0,0.0,0,0,0.24907440336717243,0.8423100936077997
33,fragmentation,0.5848507222999983,0.5114688056370564,0.5114688056370564,0.19407260810741853,38,0.8747429782541686,1,500,0.9186148065303928,0.743316113703889
34,bifurcation,0.4753054914681321,0.5323106030451904,0.5323106030451904,0.17890270448356577,12,0.8803181726892345,1,500,0.5101393088290199,0.8095963872144241
35,fragmentation,0.43015048736676037,0.17464847328470529,0.17464847328470529,0.0766109420652724,0,0.4073948155723387,0,500,0.34433459902704056,0.061749821192055826
36,fragmentation,0.6732994253818005,0.23798679670183695,0.23798679670183695,0.0,0,0.3544223644659319,0,500,0.9478574217816587,0.4564997897706196
37,bifurcation,0.3802436590556472,0.4516971151465521,0.4516971151465521,0.27019608796984507,0,0.8125779815777202,1,500,0.4089543765655897,0.46090400853600316
38,coupling_weaken,0.6425970332356359,0.6337360118816046,0.6337360118816046,0.5300415541720337,0,0.9862320351144517,1,500,0.9416220429006007,0.5958162047571424
39,closure_reorg,0.7897625642628918,0.8015172321980361,0.8015172321980361,0.6433461392784217,0,0.9851350222350228,1,500,0.8994385018597403,0.8951482557489279
40,topology_change,0.2507185245420378,0.32801394501277903,0.32801394501277903,0.17377259795852665,0,0.6929291532620888,1,500,0.4111346693673117,0.766218333332342
41,coupling_weaken,0.6203890946783222,0.43822080599600205,0.43822080599600205,0.3819592029764581,0,0.7068370039924434,1,500,0.841385466476729,0.259012066544709
42,bifurcation,0.5060164946970528,0.4818914399887084,0.4818914399887084,0.21388850914053387,15,0.9524176137055278,1,500,0.9000363595913531,0.4474262994189218
43,coupling_weaken,0.8309551945067363,0.625399337760637,0.625399337760637,0.07912878344159517,0,0.7529243664762828,1,500,0.9887471769559597,0.6057093506528247
44,topology_change,0.3369992103781517,0.4741923030815585,0.4741923030815585,0.03235092615304633,0,0.594102327783796,1,500,0.526176411993921,0.4417878590108986
45,closure_reorg,0.20695612189937834,0.18762063471264048,0.18762063471264048,0.0,0,0.907021312909011,0,0,0.2533099278907598,0.4635843067294706
46,coupling_strengthen,0.38766062068519896,0.6814817510211658,0.6814817510211658,0.3612651267904119,0,0.24401620668961121,1,500,0.8077151873389253,0.9420342980412422
47,coupling_strengthen,0.23794994529065575,0.5285675306630537,0.5285675306630537,0.04979873217347532,6,0.0,1,500,0.36372273274531464,0.6950057862563453
48,coupling_strengthen,0.48512399681106344,0.49468132200521847,0.49468132200521847,0.33434657576151555,0,0.980339737892286,1,500,0.4198173435543972,0.8388028911922896
49,bifurcation,0.5421440980609412,0.4180982298788472,0.4180982298788472,0.2381263947461172,21,0.7716151779519549,1,500,0.7972976416697708,0.3095486876416715
50,coupling_weaken,0.865086339034989,0.5715627030321345,0.5715627030321345,0.20027431186856295,0,0.66109194571767,1,500,0.9374521569259129,0.5481675904870661
51,bifurcation,0.4338281301878011,0.3665073256266916,0.3665073256266916,0.17918035061899343,0,0.8451783592472873,1,500,0.8127664850836499,0.5017534831905911
52,topology_change,0.5243039010793649,0.4900813230878785,0.4900813230878785,0.0924851277957577,0,0.9348518487656997,1,500,0.6863498686315366,0.6351151453020889
53,coupling_weaken,0.6393518181218031,0.48810107586303547,0.48810107586303547,0.09653328364787032,44,0.7638005577896277,1,500,0.8893931294441777,0.9073203095364084
54,coupling_strengthen,0.14225317404706417,0.7647206150816994,0.7647206150816994,0.0,0,0.0,0,0,0.4593370525064697,0.958361585135078
55,fragmentation,0.32479885624760646,0.23407122860188906,0.23407122860188906,0.12846110742446437,40,0.7215225716545653,0,500,0.7992743479666679,0.6792469280478182
56,coupling_weaken,0.8014282985027262,0.16333911083573172,0.16333911083573172,0.023647623903415398,0,0.20480223733681469,0,500,0.9089520340567492,0.22594041802101658
57,fragmentation,0.5959518125627036,0.45031707549612565,0.45031707549612565,0.3780229223524935,0,0.7560360250162059,1,500,0.9733450741763977,0.29436311371344637
58,bifurcation,0.4828061707591663,0.49567168758538194,0.49567168758538194,0.3632455466591239,22,0.9734077041513802,1,500,0.7628237373235842,0.5494833723035729
59,fragmentation,0.8127497742429309,0.1818692017072893,0.1818692017072893,0.09420042652492636,0,0.22472411974236295,0,500,0.9336910973264528,0.23460252706302068
60,topology_change,0.6098093617652773,0.29057406603428093,0.29057406603428093,0.12565410154530987,45,0.4773569042747047,0,500,0.8385773193134197,0.7540577816942415
61,fragmentation,0.6598444023682727,0.1776971739587658,0.1776971739587658,0.02752454136207261,0,0.2704073354005383,0,500,0.7726816076906219,0.18894969859032945
62,closure_reorg,0.6283048634275326,0.6905022964178165,0.6905022964178165,0.5361267061525177,0,0.9011648620487005,1,500,0.8555482138205694,0.8290396986328075
63,fragmentation,0.4968283618717459,0.3192751112175821,0.3192751112175821,0.19566646357696008,0,0.6433444450882726,1,500,0.5645491644218176,0.5904791853552922
64,closure_reorg,0.3363302168594155,0.3052285918236851,0.3052285918236851,0.20437266125762057,0,0.9078006550219835,1,500,0.2695531801519586,0.22780040025569231
65,topology_change,0.380775392304099,0.36922609183445826,0.36922609183445826,0.2537789076767528,0,0.9697484418785135,1,500,0.5039130194295375,0.6000137970201558
66,topology_change,0.558474282957251,0.4666169481736794,0.4666169481736794,0.12428414584426234,32,0.8358149112805774,1,500,0.651473015462509,0.7889658217543848
67,coupling_weaken,0.8433431648483297,0.332552947004809,0.332552947004809,0.016601459924716858,0,0.3950442911025702,0,500,0.9430084849671728,0.5528644492516696
68,bifurcation,0.5191746201741803,0.4325439473008173,0.4325439473008173,0.1467619067547555,0,0.8334584781465219,1,500,0.7073261887303626,0.8438335720486289
69,coupling_strengthen,0.3582877629925322,0.606382785534651,0.606382785534651,0.07715461853585291,0,0.30948101188941557,1,500,0.5723479114575438,0.7906214379090089
70,fragmentation,0.34777877498324095,0.31571459864705137,0.31571459864705137,0.039147168328875166,33,0.9080672946978202,1,500,0.48784965550160087,0.6908968290534132
71,closure_reorg,0.5065973146687458,0.43824953813641604,0.43824953813641604,0.10847509625759838,0,0.8653503977322398,1,500,0.3510258783760422,0.48683872931620525
72,bifurcation,0.32122193107326175,0.5047925600235429,0.5047925600235429,0.3089878777314797,0,0.43029753332170384,1,500,0.46677690430685465,0.611863149060452
73,coupling_weaken,0.5683500433261441,0.2755814108933379,0.2755814108933379,0.2218668670514703,0,0.48578447325225216,0,500,0.8050734014311459,0.15995436595496926
74,fragmentation,0.8065370397160747,0.4526664458837986,0.4526664458837986,0.18409940693991933,0,0.5617902629498024,1,500,0.9036410010288063,0.5397157994428206
75,closure_reorg,0.65301142462182,0.6519030117654814,0.6519030117654814,0.0,0,0.998305208724787,1,500,0.7021460649182345,0.7812116294452954
76,coupling_strengthen,0.15680923760176269,0.7406823029314762,0.7406823029314762,0.07644791094509429,0,0.0,0,0,0.2992367827828618,0.9359021812955295
77,coupling_strengthen,0.4869824375876764,0.6631054717436027,0.6631054717436027,0.4013763603323668,0,0.6390791541052498,1,500,0.5681843835658971,0.9465597736564441
78,coupling_strengthen,0.43673470292470273,0.8255885973822729,0.8255885973822729,0.14097944152789071,10,0.1116676565521032,1,500,0.4862248024657664,0.9373672168511
79,closure_reorg,0.4029250681870393,0.3990923390884631,0.3990923390884631,0.13682441336932757,7,0.9905112868686786,1,500,0.8509610060433489,0.4506044558097567
80,coupling_weaken,0.5771766370650541,0.33689515605931947,0.33689515605931947,0.2821050172763868,0,0.5844150980823891,1,500,0.8916472959487911,0.20967768667700473
81,fragmentation,0.33244867549384916,0.2705562854545868,0.2705562854545868,0.09838298166904766,0,0.8143870568758519,0,500,0.8658924175499224,0.1447109894948621
82,fragmentation,0.8216688429735305,0.383658248355963,0.383658248355963,0.1837086811477217,0,0.4675736192531841,1,500,0.9499068812848855,0.5045868317385372
83,coupling_strengthen,0.4630186229177226,0.48053530090205887,0.48053530090205887,0.2394435811255484,0,0.9622500539435414,1,500,0.9141535222704152,0.6959749852520162
84,coupling_strengthen,0.14329613699856605,0.5624744462694143,0.5624744462694143,0.028147666958618364,0,0.0,1,0,0.3382424551834022,0.7311795189181147
85,coupling_weaken,0.8095729839422989,0.3879325561634494,0.3879325561634494,0.34861827409891805,0,0.4798242278836372,1,500,0.9713739793837948,0.693737030854682
86,bifurcation,0.578665040984555,0.44009824810716375,0.44009824810716375,0.2797457572789799,23,0.7609536834547811,1,500,0.8360069332067463,0.34263613608072974
87,fragmentation,0.603625524293045,0.367493193430798,0.367493193430798,0.3134880423114335,0,0.6094568929448632,1,500,0.8030805650877604,0.45767807443105524
88,closure_reorg,0.5801861599892653,0.5382906788711449,0.5382906788711449,0.014407537514535378,0,0.9279138355275112,1,500,0.8294262650210688,0.6851547610552667
89,fragmentation,0.569972109724062,0.1649122196545477,0.1649122196545477,0.019182441516712063,0,0.29057850082157144,0,500,0.7008000036465702,0.23180305592468384
90,fragmentation,0.6364324996770564,0.22469657284098749,0.22469657284098749,0.14551581946590095,0,0.3540713298354454,0,500,0.8421807956792721,0.4034085392428554
91,bifurcation,0.3463637696523516,0.4874909962821814,0.4874909962821814,0.18890176871897837,0,0.5937192103509452,1,500,0.5779409379989741,0.4595267524474905
92,coupling_weaken,0.6974538456016455,0.403151990905406,0.403151990905406,0.054613073228018255,0,0.5786380781643073,1,500,0.8880109566397089,0.4856622874814204
93,topology_change,0.6870371483658095,0.5786638013468057,0.5786638013468057,0.5219506493493973,0,0.8424891050193923,1,500,0.8019943325852288,0.5407011176063143
94,topology_change,0.6656312650344391,0.5682030314170835,0.5682030314170835,0.254935819607359,0,0.8538498886452283,1,500,0.856584816069352,0.6483209534188228
95,bifurcation,0.5185140303469191,0.4373594041721294,0.4373594041721294,0.32807543688054847,0,0.8437874216398032,1,500,0.8831387165143313,0.4211878868173505
96,topology_change,0.5721222915137997,0.610908633634611,0.610908633634611,0.2130822100510511,0,0.9323244921806056,1,500,0.9504531081104892,0.7424005121544042
97,closure_reorg,0.6009339754333441,0.3787802579811222,0.3787802579811222,0.2007755978969869,0,0.6309334137647088,1,500,0.7391128296624727,0.24856778887859293
98,topology_change,0.6788933557944401,0.8110806046803154,0.8110806046803154,0.614718683565516,0,0.8055764955499272,1,500,0.8200982481917818,0.925620361706716
99,coupling_strengthen,0.22192217598143232,0.5926205186830893,0.5926205186830893,0.0801872273228057,0,0.0,1,0,0.22061599405074328,0.9460672073628281
100,coupling_strengthen,0.3205906341105125,0.7913132273501217,0.7913132273501217,0.34330449600761836,0,0.0,1,500,0.7414746690560677,0.939102644294699
101,coupling_strengthen,0.20879274744819876,0.6661298075432941,0.6661298075432941,0.12992018008374204,0,0.0,1,500,0.370100846099434,0.8463131046230719
102,coupling_strengthen,0.3964614701034358,0.6828830313832759,0.6828830313832759,0.23649785161418269,0,0.2793727623326572,1,500,0.5379301237955274,0.9389204655449873
103,bifurcation,0.4755239632590151,0.5316744974106923,0.5316744974106923,0.3281979259756826,5,0.8821663998434502,1,500,0.3952827296342924,0.7229401554967452
104,coupling_strengthen,0.20083190437182508,0.7415314361455372,0.7415314361455372,0.1322011591567657,0,0.0,0,0,0.34666892813940314,0.9167186071162344
105,fragmentation,0.20479763602849058,0.3437876053370944,0.3437876053370944,0.06516412802119831,0,0.32462795982086945,1,500,0.48965318898950466,0.6941395272932945
106,closure_reorg,0.5844028262276957,0.7617098397648958,0.7617098397648958,0.5164605253671863,0,0.6971196489095262,1,500,0.8760433418996382,0.8732660562783888
107,fragmentation,0.3048621470132359,0.2762281988948409,0.2762281988948409,0.017162642761016207,0,0.9063828316187296,0,500,0.2826140701709447,0.22980599558147435
108,closure_reorg,0.4277381019839077,0.5970399463389556,0.5970399463389556,0.0,0,0.605115935412238,1,500,0.48596130004584936,0.9408715772311269
109,bifurcation,0.45767456121931466,0.5364809804837414,0.5364809804837414,0.11736994029120666,0,0.8281866361741708,1,500,0.8458354384807544,0.5553583378436894
110,closure_reorg,0.48748289268837364,0.2810736290718748,0.2810736290718748,0.0,0,0.5774483268379736,0,500,0.8120137001684603,0.4307155261082236
111,coupling_weaken,0.6437040985608898,0.5335072825632744,0.5335072825632744,0.3367704360319388,21,0.829073808831684,1,500,0.9223394028324233,0.5816503750778477
112,coupling_weaken,0.8965997630013207,0.23077024139601016,0.23077024139601016,0.0,0,0.25821112142569624,0,500,0.9631381930654628,0.49294796977786826
113,topology_change,0.5318078663138562,0.7396062012138975,0.7396062012138975,0.4453881793000519,0,0.6099938682631321,1,500,0.9254901735722733,0.9404537739094071
114,topology_change,0.26846139964045146,0.14024153948363244,0.14024153948363244,0.0,9,0.5241624205622559,0,500,0.6482433940801442,0.2816752712088567
115,bifurcation,0.4220466340742717,0.42863114484096193,0.42863114484096193,0.22007108605369702,0,0.9844354966182423,1,500,0.8999110712026027,0.3635658482672829
116,coupling_weaken,0.8210683811020689,0.24543790129983373,0.24543790129983373,0.07971106323052403,0,0.2997778615076496,0,500,0.9213470294159596,0.11520145553104635
117,fragmentation,0.5812827384087806,0.25229232944980634,0.25229232944980634,0.17984193955653963,0,0.43499886351085204,0,500,0.830276259682394,0.10396046864200778
118,coupling_weaken,0.5340842009470598,0.3381023764150496,0.3381023764150496,0.2853134502647934,0,0.6337364770158851,1,500,0.2753701460992761,0.29639486940642373
119,bifurcation,0.5664351179156044,0.43423815576614666,0.43423815576614666,0.31372665662727023,19,0.767027175485604,1,500,0.7468525346508729,0.7805857253883838
120,topology_change,0.420556608062761,0.4123013630108321,0.4123013630108321,0.0,0,0.9804172324806734,1,500,0.6516607106803964,0.6573038912868786
121,closure_reorg,0.5632730387160658,0.22957439178792435,0.22957439178792435,0.0,0,0.4086220250972262,0,500,0.8629734666967158,0.28736573360327333
122,coupling_weaken,0.3707612829340595,0.30552956606862197,0.30552956606862197,0.2696383657295522,0,0.8245333232374069,1,500,0.8494309491726167,0.20067602551237676
123,coupling_strengthen,0.34827583220831076,0.6908953606737329,0.6908953606737329,0.2802843733244474,0,0.01905744150920452,1,500,0.8199534757295568,0.9138119904775714
124,coupling_strengthen,0.15188837124669144,0.8065886713811431,0.8065886713811431,0.003426015335830416,0,0.0,0,0,0.14569838370953106,0.9339285290996676
125,coupling_strengthen,0.41285658390084917,0.7377110996662484,0.7377110996662484,0.34880512651037454,0,0.215055339452502,1,500,0.7696088537127287,0.961239511028262
126,coupling_strengthen,0.17104064211184683,0.5861284214556401,0.5861284214556401,0.0,12,0.0,1,0,0.2753760963004809,0.7986943720528968
127,coupling_weaken,0.7726924582005356,0.400401710928812,0.400401710928812,0.2170905570907238,0,0.5188130072540678,1,500,0.9240225002576323,0.2809616323049464
128,bifurcation,0.36814503152951455,0.3615188910673667,0.3615188910673667,0.21234698907826652,11,0.9820500348204793,1,500,0.3875630382909038,0.7487331938647728
129,closure_reorg,0.33161420632935934,0.7700964462361944,0.7700964462361944,0.2941600535144709,0,0.0,1,500,0.7168959817401374,0.8908340930881734
130,bifurcation,0.37581667973866745,0.5446739229748913,0.5446739229748913,0.19643157944374226,0,0.5518849023527014,1,500,0.33511753567466707,0.7789170470985883
131,closure_reorg,0.18927767965121803,0.2373879165775426,0.2373879165775426,0.0,0,0.7471577485361847,0,500,0.7411450266188976,0.5623863940407752
132,closure_reorg,0.7262162066724838,0.798240905217431,0.798240905217431,0.5141778562192725,0,0.9009583423965344,1,500,0.8927514269549814,0.8942002030077885
133,closure_reorg,0.3784348507327169,0.36548834535443,0.36548834535443,0.0,0,0.9658795038112966,1,500,0.32691068088974473,0.6058716747975689
134,topology_change,0.40364867540299454,0.5051713148995617,0.5051713148995617,0.3774112724578872,0,0.7491091762614581,1,500,0.7636442042059817,0.7813065350544836
135,coupling_weaken,0.8200786716282649,0.19092915339231042,0.19092915339231042,0.028268905417354277,0,0.23375245274816303,0,500,0.9203442944146651,0.5998718560870655
136,fragmentation,0.489954198179313,0.3722627002688453,0.3722627002688453,0.0,0,0.7602800865194296,1,500,0.5052626250996872,0.5730037205760469
137,closure_reorg,0.7796836327411515,0.8479530025530514,0.8479530025530514,0.7585895204942956,0,0.9125518110682157,1,500,0.9288668710535241,0.9208529132732219
138,coupling_strengthen,0.28438652088274263,0.8477807377131031,0.8477807377131031,0.20432827800244666,0,0.0,0,500,0.3681437484146216,0.9631056431650081
139,coupling_strengthen,0.3274537233730255,0.7342859601544157,0.7342859601544157,0.2652250916814463,0,0.0,1,500,0.6269386201962152,0.9628031453773734
140,coupling_strengthen,0.17124855942020034,0.5265833053218948,0.5265833053218948,0.1826295422020234,0,0.0,1,0,0.4896978951251911,0.7618036747835529
141,fragmentation,0.6411610169961047,0.44872467936567134,0.44872467936567134,0.3487608367526027,0,0.7003300846092926,1,500,0.9484147461485023,0.38054910829484184
142,fragmentation,0.4725687421437166,0.28069525972750053,0.28069525972750053,0.2127951331857166,0,0.5948349936533879,0,500,0.6103312382361614,0.49980340806212953
143,closure_reorg,0.27790837775020644,0.5022994939462176,0.5022994939462176,0.0,0,0.19546656143481467,1,500,0.28786385658967584,0.8290478593446976
144,fragmentation,0.2698754746702829,0.196224645798337,0.196224645798337,0.0,0,0.7281007851980852,0,500,0.3740267401801306,0.47345115638664936
145,coupling_weaken,0.8244435170039199,0.5587175625835146,0.5587175625835146,0.2271203082066284,47,0.6780809965230565,1,500,0.9246068676403422,0.5623026730559689
146,closure_reorg,0.4718801175012878,0.5366760969568721,0.5366760969568721,0.0,0,0.8629758853090119,1,500,0.6179296981727036,0.6555931836085
147,fragmentation,0.7182993356920189,0.20157801330852987,0.20157801330852987,0.03647743482834624,0,0.28163242096370755,0,500,0.8348798761602584,0.2010875284788759
148,topology_change,0.5095024261234886,0.7017763989744915,0.7017763989744915,0.19151195894542034,0,0.6233632535088236,1,500,0.5462102924003696,0.896088932512302
149,coupling_weaken,0.7108806337902449,0.3982575737285049,0.3982575737285049,0.32210657721284003,0,0.5608490451590875,1,500,0.8424587036429749,0.3084322761671788
150,closure_reorg,0.24385267016416196,0.44152730228170045,0.44152730228170045,0.1580157142832857,0,0.19267928756910369,1,500,0.5128491474513648,0.8673372598767934
151,closure_reorg,0.22040384266809857,0.18164933557397006,0.18164933557397006,0.0,2,0.8249600972272894,0,500,0.4244166536856799,0.2490340101645606
152,closure_reorg,0.4712678270842683,0.4954163506064691,0.4954163506064691,0.0,0,0.9488668883686376,1,500,0.590897872628022,0.6378696658885107
153,coupling_strengthen,0.20358031360939408,0.7097657981050824,0.7097657981050824,0.14596083915062322,0,0.0,0,0,0.2834168274912382,0.8648643604040473
154,bifurcation,0.4271220281582646,0.4573367829918463,0.4573367829918463,0.3353313294302542,0,0.9294249002706954,1,500,0.44601523186083114,0.7049189953171868
155,closure_reorg,0.4921035703339764,0.4860223562384682,0.4860223562384682,0.0,0,0.9876674709708765,1,500,0.5963175396008651,0.844078895578151
156,coupling_strengthen,0.23587933014853882,0.5445034046239855,0.5445034046239855,0.1750790739505412,0,0.0,1,500,0.6164213841895195,0.985669035654097
157,topology_change,0.5036844258674583,0.5123674652984878,0.5123674652984878,0.383928330172057,12,0.9827951111903148,1,500,0.8141753102858634,0.4967291119040476
158,topology_change,0.5373634848630793,0.631610455197136,0.631610455197136,0.2335356342474734,0,0.8249380335331875,1,500,0.5936782872346628,0.7682772165887716
159,bifurcation,0.3640361975392533,0.3156057144432308,0.3156057144432308,0.03114930989726752,0,0.8673269023113396,1,500,0.47692749009867796,0.6562778164296074
160,closure_reorg,0.529331759795303,0.41986287369737724,0.41986287369737724,0.0,0,0.7935841403498473,1,500,0.629538364524373,0.5459967390942292
161,fragmentation,0.760825847977329,0.3096625695040941,0.3096625695040941,0.0,0,0.40778685880626486,1,500,0.9050255748105448,0.5847564558340512
162,coupling_strengthen,0.3258155102086645,0.4760113558653723,0.4760113558653723,0.1831090376606716,0,0.5404262008225649,1,500,0.47677295168308226,0.6631107506543975
163,bifurcation,0.2880748963883334,0.3885272298803128,0.3885272298803128,0.3104328478684725,0,0.6525041269684132,1,500,0.6807627541395713,0.6667101690703234
164,topology_change,0.4064139126901132,0.653078961792233,0.653078961792233,0.4413619208482185,0,0.39455909231617725,1,500,0.911588905984729,0.8590151583315457
165,coupling_strengthen,0.26598152434663797,0.6164598845617298,0.6164598845617298,0.2377741559051276,0,0.0,1,500,0.7313946789690504,0.8012449831845336
166,topology_change,0.301508443661758,0.3081797030469471,0.3081797030469471,0.0,0,0.9779468655339473,1,500,0.663712742823222,0.8160541941549023
167,coupling_strengthen,0.37883402200566435,0.6049582988358538,0.6049582988358538,0.29046667413291866,0,0.40467608552764833,1,500,0.4251635694591412,0.7936445472279499
168,coupling_strengthen,0.3856766558093689,0.5422041673646997,0.5422041673646997,0.19875915581566622,0,0.5951979277681074,1,500,0.5324905559010292,0.6572914226032641
169,closure_reorg,0.5640953286152914,0.6958303694713761,0.6958303694713761,0.4389983833220236,0,0.7668799684136693,1,500,0.8963091338711004,0.837569619596672
170,bifurcation,0.5232753858872145,0.5384210810204729,0.5384210810204729,0.3240769533513068,28,0.9711111840438057,1,500,0.7261456589798896,0.6967550385536115
171,bifurcation,0.4940087152442138,0.5100665023135112,0.5100665023135112,0.33755682359590616,10,0.9675605972687262,1,500,0.4840380044749142,0.622703479510669
172,bifurcation,0.585449607089241,0.404019756538739,0.404019756538739,0.2707098725916295,0,0.6906301098043135,1,500,0.826102573940913,0.33907086753811405
173,coupling_strengthen,0.2629439229411617,0.5287698452991192,0.5287698452991192,0.05804593517006543,0,0.0,1,500,0.5107090468748136,0.6446745134059598
174,bifurcation,0.39454817247889024,0.47936982602814526,0.47936982602814526,0.28857247249798473,14,0.7855592328548002,1,500,0.5982231265407963,0.6561893504218044
175,coupling_strengthen,0.32772577381338064,0.5622585022491707,0.5622585022491707,0.20616272532426932,0,0.2865398848557109,1,500,0.16288979472227333,0.8755728017048158
176,closure_reorg,0.4829183206586749,0.47130013357242695,0.47130013357242695,0.18818867139910567,26,0.9759914295651504,1,500,0.811004499916908,0.6508100813370578
177,coupling_strengthen,0.21575332813892767,0.792416537800468,0.792416537800468,0.0,0,0.0,0,0,0.37477066182726804,0.9467448353073702
178,closure_reorg,0.4114538922148123,0.5902011923096757,0.5902011923096757,0.19350329926547294,0,0.5666247707470559,1,500,0.33584093318170816,0.8003176130196841
179,coupling_strengthen,0.18091530447636142,0.5207270008730644,0.5207270008730644,0.0,0,0.0,1,500,0.4827421101813695,0.6207522345510648
180,topology_change,0.4152360183259415,0.397516675054645,0.397516675054645,0.14712448342177517,0,0.9574295772322591,1,500,0.8191456077862077,0.4103230926273321
181,closure_reorg,0.46462718452909085,0.5367512877710999,0.5367512877710999,0.1921097969332466,20,0.8451033237783327,1,500,0.8956421847628819,0.7207798700116473
182,bifurcation,0.5003987935605205,0.47351702699946474,0.47351702699946474,0.43637484468799653,0,0.9463864554396638,1,500,0.8076683016032448,0.4495132438647074
183,fragmentation,0.9238555195551523,0.29401312788525485,0.29401312788525485,0.12646027844847976,0,0.318982934790889,0,500,0.9878875755624769,0.2642392894839081
184,coupling_weaken,0.506905911692524,0.3737439425287986,0.3737439425287986,0.3397436566860956,0,0.7378215805364775,1,500,0.5986376792185422,0.7470158036776928
185,coupling_strengthen,0.22260596143002165,0.5189943061022211,0.5189943061022211,0.08954473917642135,0,0.0,1,500,0.5352341883899124,0.8669193740351328
186,coupling_strengthen,0.3662351658303401,0.6592109533914849,0.6592109533914849,0.2903953140935216,0,0.2022120569561754,1,500,0.5740778790404584,0.9174161771707057
187,coupling_strengthen,0.27527992960872427,0.5416008981923546,0.5416008981923546,0.10580612990622645,0,0.0360466322660431,1,500,0.5824051843808591,0.6453662037422712
188,coupling_weaken,0.7141563053929628,0.4629487952438433,0.4629487952438433,0.4000398646646797,0,0.6487376140645416,1,500,0.8786252174264917,0.817698607520326
189,topology_change,0.4200997786630361,0.3263732905601866,0.3263732905601866,0.01379809888663771,0,0.7774245134955309,1,500,0.6903765421359027,0.7401200794885966
190,topology_change,0.7258636335382335,0.692881142102456,0.692881142102456,0.5487520199628104,0,0.9546235498463103,1,500,0.9076548140206896,0.8155591184445502
191,coupling_weaken,0.6170236041357618,0.43397816131051015,0.43397816131051015,0.3887194449481288,0,0.7038212754329656,1,500,0.8691914553944428,0.33851679816936475
192,fragmentation,0.3922501808561012,0.18282798144186757,0.18282798144186757,0.14032903461384583,0,0.4674580976458196,0,500,0.756484507777583,0.2100687733357971
193,fragmentation,0.5523570398693958,0.3039602504654683,0.3039602504654683,0.13742958882022968,0,0.5511093715143581,1,500,0.6981721033444096,0.5819666298354922
194,bifurcation,0.5202599936671302,0.5399730574042583,0.5399730574042583,0.27540800903011226,0,0.9621818977542392,1,500,0.4976101529341267,0.6460434577373548
195,topology_change,0.552418715059659,0.4695605616617147,0.4695605616617147,0.21472230759314784,0,0.8502794518089036,1,500,0.704543103372966,0.4302434224217307
196,topology_change,0.493939986787437,0.2527698125476859,0.2527698125476859,0.17045984260912372,0,0.5127284505639933,0,500,0.764931593179907,0.30868145534254054
197,topology_change,0.5579836731939842,0.39371683382485334,0.39371683382485334,0.3090365931628871,0,0.7061330281249103,1,500,0.421774152540143,0.7259685281504784
198,topology_change,0.5909732773459518,0.7376353090875407,0.7376353090875407,0.5018580443795511,0,0.7522488981274084,1,500,0.7292434738698266,0.9017714749857695
199,coupling_strengthen,0.1806663831792496,0.7550634911786562,0.7550634911786562,0.050088696761222386,0,0.0,0,0,0.14029566351535588,0.9357675821833432
200,bifurcation,0.37864557921518144,0.6000181464320447,0.6000181464320447,0.22781237906932533,0,0.4168967601980419,1,500,0.3631671511438382,0.7571213157119252
201,coupling_weaken,0.7905608831484763,0.5415635547746265,0.5415635547746265,0.33496517882476046,0,0.6854350263198334,1,500,0.9318708133663058,0.4441266067215319
202,coupling_weaken,0.5999977444953173,0.3029973031894889,0.3029973031894889,0.008441428943031532,0,0.5058210383880359,1,500,0.8608216047404537,0.38090197365843387
203,topology_change,0.6912895900892077,0.7585639161042832,0.7585639161042832,0.6937343734020013,0,0.9028234325950117,1,500,0.926667613397651,0.8653651883500588
204,coupling_weaken,0.5527529057181509,0.3454821022556363,0.3454821022556363,0.13283413647267792,33,0.6256980300740647,1,500,0.6836178307398115,0.6264808279070053
205,bifurcation,0.4421399747353523,0.574619236186445,0.574619236186445,0.19202879958008032,11,0.7010442094956326,1,500,0.916970318943878,0.8870596559551427
206,fragmentation,0.3349868324795572,0.2740266738158055,0.2740266738158055,0.14150263323765172,27,0.8185638460475657,0,500,0.6007293399959086,0.2998330789064253
207,fragmentation,0.48629217451815465,0.3525903598016406,0.3525903598016406,0.25976436495442584,0,0.7256228979077668,1,500,0.731950151224333,0.4320708970392282
208,topology_change,0.31235305715068934,0.43719030144897214,0.43719030144897214,0.157225793911977,0,0.6016083409767103,1,500,0.6128114156951786,0.6120591999358476
209,closure_reorg,0.4781601320348316,0.3235411396106922,0.3235411396106922,0.01903032825090618,0,0.6773124847271315,1,500,0.42512691226432636,0.6051778219918329
210,coupling_weaken,0.3565472393204849,0.335379912448811,0.335379912448811,0.13430025406562637,0,0.9407985168284275,1,500,0.6541752117931532,0.39292837819551124
211,coupling_weaken,0.557481609816211,0.12998702256469974,0.12998702256469974,0.0,0,0.23454133540369548,0,500,0.6674692976738226,0.36081191178123007
212,closure_reorg,0.44417384373198676,0.24394572924451818,0.24394572924451818,0.07879808793203513,0,0.5502248901037989,0,500,0.7115582226449483,0.2709344754652466
213,fragmentation,0.4659990810919451,0.2032521650151002,0.2032521650151002,0.07040903876807104,0,0.43737166363906843,0,500,0.5479046998771466,0.43796989097589106
214,closure_reorg,0.49050297582840074,0.46248493834551285,0.46248493834551285,0.11997586207683775,0,0.9429951824082752,1,500,0.7913653986460082,0.6651595850812052
215,closure_reorg,0.6827358975734232,0.5516033977253585,0.5516033977253585,0.10855803797396943,0,0.8082117666873224,1,500,0.8092913546230727,0.7281867405468394
216,coupling_weaken,0.8282691066214568,0.5048546939238977,0.5048546939238977,0.0,50,0.6100006498310437,1,500,0.917313190855727,0.8738192722709403
217,coupling_weaken,0.6867638183091256,0.36888344580265087,0.36888344580265087,0.2606182068281613,0,0.5378059094646954,1,500,0.9789021172903297,0.20215899011347754
218,closure_reorg,0.3660225627857758,0.3642304719843799,0.3642304719843799,0.16716359495738523,0,0.9951172189856844,1,500,0.6425039635244753,0.22196663287451104
219,closure_reorg,0.6434733855975069,0.9309006473575157,0.9309006473575157,0.6740207232130908,0,0.5540122087531543,1,500,0.9828907356162851,0.9828078885331426
220,topology_change,0.7740283150503381,0.8751316878435251,0.8751316878435251,0.778843128630595,0,0.8695488012117075,1,500,0.961917517932869,0.94803400410623
221,fragmentation,0.8367378102116855,0.24462200353820443,0.24462200353820443,0.18732166222622132,0,0.2931967502769618,0,500,0.9518733499829999,0.08788002650174435
222,coupling_strengthen,0.2958877991565919,0.8498189092213261,0.8498189092213261,0.0,0,0.0,0,500,0.3182713292239733,0.970353239502114
223,closure_reorg,0.43893437136605706,0.5916044145973287,0.5916044145973287,0.0,13,0.6529708675473342,1,500,0.6088785145936546,0.6857101270451577
224,closure_reorg,0.4907018750350209,0.7235771104724812,0.7235771104724812,0.2536219741534452,0,0.5263893687188521,1,500,0.6287809946332389,0.9153102995056714
225,bifurcation,0.40255658258978244,0.43003094877712283,0.43003094877712283,0.30957736404796776,0,0.931919420045074,1,500,0.7329457330918987,0.3297134251928926
226,coupling_weaken,0.7806604981678067,0.3328793753630729,0.3328793753630729,0.19148339635909853,0,0.42714116441303873,1,500,0.9450639535563106,0.30121919878713366
227,bifurcation,0.41849592364026117,0.38961567666456115,0.38961567666456115,0.31909071014238954,6,0.9311548805407075,1,500,0.7319171427045325,0.37071187207537376
228,coupling_weaken,0.7251058925576838,0.3039137437331984,0.3039137437331984,0.25150038385018075,0,0.4199301325859648,1,500,0.9012662366242701,0.28173728433463724
229,closure_reorg,0.40366675825218085,0.2367927290338543,0.2367927290338543,0.039743895907780866,0,0.5876260507804455,0,500,0.5183514830395595,0.31593257205309533
230,coupling_strengthen,0.2896963565848661,0.8054811897940339,0.8054811897940339,0.0017677013224318442,0,0.0,0,500,0.27995513189470433,0.9030958179719312
231,fragmentation,0.7075626953175923,0.3877561233508271,0.3877561233508271,0.04238485602431005,0,0.548654516981844,1,500,0.9645515104712462,0.5875623480907793
232,coupling_weaken,0.592273718037769,0.4293032247602425,0.4293032247602425,0.36353582692847525,0,0.7253030290697093,1,500,0.8589693388442359,0.6398746390927008
233,fragmentation,0.5057800659407633,0.181728997739967,0.181728997739967,0.07213243914825843,0,0.3605686372070639,0,500,0.9240573169956088,0.4366027318022548
234,topology_change,0.5887916331150351,0.45954161585123243,0.45954161585123243,0.4189156605781893,0,0.7808547798802136,1,500,0.7280246744588925,0.7919468399464524
235,bifurcation,0.43357472612951337,0.482687717524362,0.482687717524362,0.2338722484797879,0,0.8869860844594726,1,500,0.34432978702814326,0.48554091110312014
236,coupling_strengthen,0.37285699704249003,0.49041857016990364,0.49041857016990364,0.3154727922632003,0,0.685544007314507,1,500,0.59158337667761,0.7922609263396331
237,topology_change,0.3446591745053256,0.7595489867102369,0.7595489867102369,0.27257721859712025,0,0.0,1,500,0.6619282587331022,0.9170143086882575
238,fragmentation,0.5853427415700075,0.3018450138809002,0.3018450138809002,0.23679095908542996,0,0.5164982738082405,1,500,0.9245477743665917,0.2753105518659794
239,topology_change,0.4662922029864675,0.35710002864459983,0.35710002864459983,0.2825603345929877,0,0.7663299887222175,1,500,0.754814205938366,0.4028695550996209
240,bifurcation,0.5612438261865025,0.5767125397728428,0.5767125397728428,0.2228954177295693,25,0.9724875350054816,1,500,0.8530716103894161,0.7196818010501363
241,bifurcation,0.47612090548663855,0.5152152804221418,0.5152152804221418,0.26582560842452263,11,0.9180619115910902,1,500,0.4256604507638401,0.5335413498983705
242,bifurcation,0.2317982052679232,0.40150211808038905,0.40150211808038905,0.1414796300078778,0,0.2710256824482099,1,500,0.2622148374427564,0.6619323911841088
243,coupling_weaken,0.554531118605625,0.34309426484893096,0.34309426484893096,0.10060215921104768,0,0.6193969218368947,1,500,0.7347144375849503,0.39476289856449964
244,bifurcation,0.5030829627193644,0.43359457756962133,0.43359457756962133,0.3489041211064443,17,0.8621489114115746,1,500,0.8152545762405781,0.8029279415178131
245,fragmentation,0.3448714877435841,0.5135387813706731,0.5135387813706731,0.0,0,0.5123411451824197,1,500,0.743716728439254,0.8005194169332563
246,coupling_weaken,0.5281006455500464,0.2650609238086464,0.2650609238086464,0.0,112,0.5028550353251842,0,500,0.6000544896460235,0.6590574299847519
247,coupling_weaken,0.7704049437557231,0.22474627161031868,0.22474627161031868,0.021410280697804724,0,0.2926430189975612,0,500,0.8904609537384539,0.5505794266681296
248,fragmentation,0.32808199109614966,0.1700461750691912,0.1700461750691912,0.0,9,0.519767655773104,0,500,0.794033455016068,0.309299657542774
249,topology_change,0.5529617100291939,0.6967556665340182,0.6967556665340182,0.5063912793568041,0,0.740426181265766,1,500,0.8598612663974046,0.8384616956121591
250,coupling_strengthen,0.32921146648850264,0.7662733182794941,0.7662733182794941,0.11187089024980539,0,0.0,1,500,0.3153000078618333,0.8882897351624155
251,topology_change,0.5158371707206452,0.37490306192407746,0.37490306192407746,0.2897406362258872,0,0.7273142939776215,1,500,0.8007785070047035,0.668827407499554
252,fragmentation,0.574684245715738,0.34402048156116655,0.34402048156116655,0.06379689610581048,0,0.5993224308791163,1,500,0.7835705290194018,0.5057792015263395
253,coupling_strengthen,0.3520344276039166,0.7286159932740016,0.7286159932740016,0.05406987944486082,10,0.0,1,500,0.34556682658431515,0.9046610086548416
254,coupling_weaken,0.5851746854173534,0.32995513768029416,0.32995513768029416,0.2412732631239708,0,0.5646015529392161,1,500,0.8877898535396153,0.16696080455433268
255,fragmentation,0.6680574794025858,0.2704963824211933,0.2704963824211933,0.07552302062477255,0,0.40578932420517533,0,500,0.8082977125896901,0.6293788368290367
256,coupling_weaken,0.7571923894478063,0.3713411171683254,0.3713411171683254,0.0,0,0.49109054951013487,1,500,0.8745108790857994,0.5797843054176153
257,topology_change,0.5433714768608038,0.1554577840729386,0.1554577840729386,0.001185845090950855,0,0.287409959418107,0,500,0.6750045686445141,0.3922697409613882
258,coupling_weaken,0.5319372536324095,0.42645078230231864,0.42645078230231864,0.37176112847416753,0,0.8020658705858653,1,500,0.9082308046566381,0.24242937890195823
259,bifurcation,0.5140396468951701,0.47782395761206153,0.47782395761206153,0.3953042897370149,0,0.9296836864862176,1,500,0.560635372204115,0.6073381963765143
260,topology_change,0.827953399909029,0.9446854911219366,0.9446854911219366,0.814385937667118,0,0.8591813590176265,1,500,0.9603303722074048,0.9851637808872528
261,coupling_strengthen,0.2902528565880295,0.363446864355614,0.363446864355614,0.1776439764410195,0,0.7486925669157788,1,500,0.4656764901773277,0.30125611249260564
262,bifurcation,0.33152829599353945,0.5000298426984028,0.5000298426984028,0.2092966583408759,7,0.493271553924731,1,500,0.38261215516948077,0.47676152981606995
263,coupling_strengthen,0.26410846140239114,0.6322519549946205,0.6322519549946205,0.1683809082810499,0,0.0,1,500,0.3109968912996359,0.8652157895100465
264,topology_change,0.4429280799087274,0.5371150435535086,0.5371150435535086,0.3344623306980113,0,0.7878328316961922,1,500,0.6291548086485554,0.773215256359398
265,closure_reorg,0.6731832146162472,0.791422953287627,0.791422953287627,0.5831158370685104,0,0.8246177951216374,1,500,0.8877379022885452,0.8899539614851412
266,coupling_weaken,0.75426092961402,0.4259439785538303,0.4259439785538303,0.17557096005707734,0,0.5652933467272327,1,500,0.8789920544036142,0.6644179872808739
267,bifurcation,0.4770548152318785,0.5168844795057128,0.5168844795057128,0.3789963460066127,12,0.9166838968989045,1,500,0.6109428723777274,0.7923482906858297
268,closure_reorg,0.53696558501469,0.3089618251100703,0.3089618251100703,0.0,0,0.5761740783132183,1,500,0.6127763229019526,0.5520663493566643
269,closure_reorg,0.31080596759674506,0.5153883212656115,0.5153883212656115,0.0,15,0.34387928734753925,1,500,0.42535002829423313,0.8058321674570071
270,coupling_weaken,0.6252006263004162,0.4015252471508507,0.4015252471508507,0.06119709793620497,0,0.6428055646142734,1,500,0.848348535482045,0.5439322025863069
271,coupling_weaken,0.745436196947125,0.36308548914538236,0.36308548914538236,0.22646610970744716,0,0.48776505029427575,1,500,0.976096632748546,0.3267856861653013
272,topology_change,0.33235955305805726,0.44738967162349774,0.44738967162349774,0.10831716663219736,0,0.6549367866910745,1,500,0.6997784042773487,0.5430203405829184
273,coupling_weaken,0.8279655808734422,0.32091924995137594,0.32091924995137594,0.14233357125416343,0,0.3883384996662764,0,500,0.9650529201284703,0.6418737936989218
274,coupling_strengthen,0.4519766517920255,0.7823504724470269,0.7823504724470269,0.1551397314719293,0,0.2706603765381588,1,500,0.5575840333399306,0.9164685585878675
275,topology_change,0.7982177617273817,0.9436106398626248,0.9436106398626248,0.7945081344828968,0,0.8180810223474018,1,500,0.9634491536361024,0.97660513212824
276,fragmentation,0.39503375024462717,0.2987827985144959,0.2987827985144959,0.1809203704865409,0,0.7569627546372557,0,500,0.7669493154620226,0.28492061340983904
277,topology_change,0.3255679597184842,0.3440985643610094,0.3440985643610094,0.08631258843198145,0,0.9432565134114829,1,500,0.38784190316734174,0.28134820934041643
278,coupling_strengthen,0.43590905082953163,0.8291866556285222,0.8291866556285222,0.1291722569537761,0,0.09986390977184101,1,500,0.6466755667680257,0.985447167953177
279,fragmentation,0.3162520678965352,0.23145392825191743,0.23145392825191743,0.04169090791118753,0,0.7327105219302374,0,500,0.5913930326993235,0.5461022080414459
280,bifurcation,0.5006327643559998,0.48895643756728496,0.48895643756728496,0.3444539736037798,22,0.9767233569687079,1,500,0.791252334005941,0.8580709399959386
281,coupling_weaken,0.4092531449236183,0.33164175355878467,0.33164175355878467,0.17422417809848528,0,0.8108207278233456,1,500,0.6231021500203933,0.5403521027166588
282,coupling_weaken,0.610017449413533,0.4489274722228808,0.4489274722228808,0.3857067541667588,0,0.7363578121291469,1,500,0.864435341035984,0.2514969709162026
283,bifurcation,0.46866366119764913,0.4569746551875026,0.4569746551875026,0.2605758889265167,19,0.9751119642078772,1,500,0.46925437514637414,0.5201467372403485
284,coupling_strengthen,0.21687519226559726,0.24099972729782035,0.24099972729782035,0.022600595374151457,30,0.8892736030139013,0,0,0.23022032696882802,0.9429437580053814
285,coupling_weaken,0.7502441130371038,0.3689276796395411,0.3689276796395411,0.22076161597045427,0,0.4924200712122857,1,500,0.8922870870910988,0.4562884680353008
286,coupling_weaken,0.788441237175826,0.25976730076276644,0.25976730076276644,0.13266995945519847,0,0.33031882359685727,0,500,0.9415299000528239,0.37966372496090933
287,coupling_strengthen,0.3793834864066929,0.7537795217102621,0.7537795217102621,0.14701903658772103,0,0.01574056529026635,1,500,0.3717950758767805,0.9883742937294224
288,coupling_strengthen,0.09560108609750723,0.7988874046735187,0.7988874046735187,0.02339504990043586,0,0.0,0,0,0.21372379159999824,0.9515570504306341
289,bifurcation,0.46185763290487636,0.47143310470158134,0.47143310470158134,0.21464692551188427,14,0.9793122741940978,1,500,0.5755294523365027,0.8765226488738646
290,bifurcation,0.5700690259445679,0.5085616799965965,0.5085616799965965,0.30762709121963205,18,0.8922943757171279,1,500,0.8378461018630464,0.45397148443964785
291,coupling_strengthen,0.15573825338486488,0.800739354107064,0.800739354107064,0.0,0,0.0,0,0,0.22321481557291123,0.956657166456082
292,coupling_strengthen,0.2798313075869737,0.5201114971902188,0.5201114971902188,0.196020140045995,7,0.14439671392823594,1,500,0.3713781230274541,0.650233334735641
293,bifurcation,0.38871132263506764,0.39301096719696615,0.39301096719696615,0.31766751849686364,0,0.9889671038223213,1,500,0.8450135852717495,0.4313376279800512
294,fragmentation,0.7253171326830097,0.4067248971550197,0.4067248971550197,0.34277488346936863,0,0.5613593275004917,1,500,0.9838814617091995,0.13216001420877727
295,bifurcation,0.4748041667133276,0.362955962755779,0.362955962755779,0.2586524034316601,0,0.7649280696086522,1,500,0.8451085623466096,0.36210111757747443
296,coupling_strengthen,0.43235299625636403,0.6757774771819777,0.6757774771819777,0.3103169437282057,0,0.4382766866076818,1,500,0.5340093732009678,0.9413878474089441
297,bifurcation,0.4687661770251757,0.488048032506579,0.488048032506579,0.32797191043763685,19,0.9589543555402245,1,500,0.36494192974497236,0.6438268894416764
298,coupling_strengthen,0.20713996527106315,0.6834343862975257,0.6834343862975257,0.10916247995189925,19,0.0,1,0,0.12521858918768752,0.8652404131359741
299,coupling_strengthen,0.24584151959601747,0.7145812593218891,0.7145812593218891,0.07818856360481345,0,0.0,1,500,0.4325858374478225,0.9708223238381083
300,closure_reorg,0.47953338917458743,0.42058702832812517,0.42058702832812517,0.20207095822376567,0,0.8773313942914259,1,500,0.3775543101810143,0.38995370049111505
301,coupling_strengthen,0.24272448947701147,0.4938372238695791,0.4938372238695791,0.12189402940528224,0,0.0,1,500,0.28964439697650984,0.62422392990399
302,topology_change,0.34492903246771245,0.3519246453278406,0.3519246453278406,0.30565747091314455,0,0.9797773178786863,1,500,0.6636579123284032,0.37172584120643803
303,coupling_weaken,0.7573482163341478,0.23242958465219113,0.23242958465219113,0.02952765321674023,0,0.3078131913866545,0,500,0.9163715786826444,0.27311689363591296
304,coupling_strengthen,0.206285585337208,0.8185014111502079,0.8185014111502079,0.006852969289175966,0,0.0,0,0,0.25978771208235335,0.957437899774054
305,coupling_weaken,0.8130399480810669,0.372102906785179,0.372102906785179,0.09784261595838775,0,0.45833488597788474,1,500,0.9463611781011453,0.43412087508921343
306,closure_reorg,0.28254108699443203,0.44776681002909924,0.44776681002909924,0.020168344153811812,0,0.4172776693985384,1,500,0.6249435359013531,0.3490663546915907
307,closure_reorg,0.45714144186862327,0.5555782325139251,0.5555782325139251,0.0,0,0.7851388640071343,1,500,0.7016145736044457,0.8513993520925831
308,coupling_strengthen,0.516799864857919,0.5443619350406682,0.5443619350406682,0.36838494032211244,0,0.9467708046036047,1,500,0.3717711572571937,0.7408738751883098
309,coupling_strengthen,0.47997172214160444,0.6284010416272889,0.6284010416272889,0.45372039437477046,0,0.6913969935180826,1,500,0.7072778734507524,0.8036365282187485
310,closure_reorg,0.5280245409435886,0.6342109290311806,0.6342109290311806,0.0,0,0.7992788994283823,1,500,0.7504571244991485,0.6536465589587102
311,bifurcation,0.4826912498365009,0.5571654428401748,0.5571654428401748,0.3184998727321734,0,0.846029480523272,1,500,0.40248382700908925,0.7541669141569202
312,fragmentation,0.896412591813807,0.3272549217391362,0.3272549217391362,0.11756566483641563,0,0.36577926890426526,0,500,0.989448258742906,0.17608039417629143
313,coupling_strengthen,0.3102373107315641,0.8039342662231322,0.8039342662231322,0.012931067890090034,0,0.0,1,500,0.2382855009715242,0.9249625110315618
314,closure_reorg,0.4262488722980527,0.38409463502124963,0.38409463502124963,0.0,0,0.9013356382895357,1,500,0.36949139882594095,0.4014720851072228
315,coupling_strengthen,0.22668014153577148,0.3889493154052416,0.3889493154052416,0.17558688703150582,0,0.28729324931495825,1,500,0.6150347257371538,0.676650958091345
316,closure_reorg,0.5530100166343386,0.7554397097579012,0.7554397097579012,0.0,0,0.6346100484728752,1,500,0.6638773587574177,0.7966279034062144
317,fragmentation,0.5439112415623919,0.22527783712070837,0.22527783712070837,0.13053384454382935,0,0.41525632040901794,0,500,0.8888040656366047,0.1866712448004597
318,closure_reorg,0.4657757994242524,0.4996694537329321,0.4996694537329321,0.0,0,0.9273877215774982,1,500,0.6632505626251127,0.5768261239324355
319,coupling_strengthen,0.3500819300837257,0.7497338589947237,0.7497338589947237,0.12334784731189656,3,0.0,1,500,0.4668186086643803,0.88160382855604
320,coupling_weaken,0.8177941201530311,0.3344425667443295,0.3344425667443295,0.19275021845917692,0,0.4096787684328216,1,500,0.9457631812825439,0.25827177759737846
321,fragmentation,0.8397346014385428,0.3524070581013702,0.3524070581013702,0.1537540386516354,0,0.4203550769727705,1,500,0.9260517068233327,0.613256614018582
322,fragmentation,0.6906102975378086,0.4156345495748636,0.4156345495748636,0.14147529257760408,71,0.6024122993224914,1,500,0.8628362640932099,0.6845518863288723
323,fragmentation,0.5012231193225358,0.3736468534799247,0.3736468534799247,0.24633379513757928,16,0.7459769155695128,1,500,0.7218943328347663,0.5578865468727363
324,coupling_strengthen,0.18645921803477794,0.7882127408058026,0.7882127408058026,0.04423796947472144,0,0.0,0,500,0.4552327911050139,0.9071412611880053
325,coupling_strengthen,0.24530425366577355,0.41421055325224315,0.41421055325224315,0.1154524155449589,0,0.3142371799405881,1,500,0.2333553996330319,0.8590896152058
326,topology_change,0.5060958702087475,0.6289892143177317,0.6289892143177317,0.3240180996653123,0,0.7576526425695503,1,500,0.6765892700537596,0.8301425618807996
327,coupling_weaken,0.711660954196745,0.42038806880227786,0.42038806880227786,0.3582220560457135,0,0.5912882785576952,1,500,0.8719537721021483,0.7762585719415307
328,closure_reorg,0.22553192902962724,0.35000784152406866,0.35000784152406866,0.0,33,0.45051493170235746,1,500,0.4324104002412362,0.6521093885259585
329,coupling_weaken,0.7487673239881348,0.30199200787081204,0.30199200787081204,0.09883950155540615,0,0.4041147142278061,1,500,0.870745300022021,0.6723839075003686
330,bifurcation,0.3309660567405965,0.4963283035474259,0.4963283035474259,0.09477415965815703,0,0.5018700151743343,1,500,0.5843196743032005,0.7841410249173603
331,fragmentation,0.6658240408959896,0.15949902708734193,0.15949902708734193,0.0,0,0.24069172261948535,0,500,0.7693956247039533,0.21006221845835252
332,topology_change,0.6477847399744878,0.7013531716611443,0.7013531716611443,0.1430758693056811,0,0.9174326577274876,1,500,0.7427597236776975,0.7653925265745312
333,coupling_weaken,0.8838096390548291,0.743265797721623,0.743265797721623,0.668674482330996,0,0.8411592334331509,1,500,0.9917784410765752,0.764603791398709
334,topology_change,0.4659667926812171,0.28722525984061065,0.28722525984061065,0.2627550258355213,0,0.6172286003158528,0,500,0.7930357119139018,0.4184414312878681
335,topology_change,0.4874888773709392,0.33545364503248687,0.33545364503248687,0.24608997375792938,34,0.6887641881290927,1,500,0.8548010775414581,0.774772096539191
336,coupling_strengthen,0.33055722866869247,0.40670185555146077,0.40670185555146077,0.21752631525295457,0,0.7703424317168015,1,500,0.38257295206643166,0.41162968327046007
337,fragmentation,0.6796539941776281,0.3950778172826418,0.3950778172826418,0.3452784635153481,0,0.5819077250272899,1,500,0.8961317290113068,0.44947464656475467
338,coupling_weaken,0.3776540372913493,0.30143761193558866,0.30143761193558866,0.23897229694262778,0,0.798717515595596,1,500,0.5637994673171309,0.349530546005062
339,fragmentation,0.4142412771572578,0.3178711599519984,0.3178711599519984,0.23237287635060627,0,0.7679177805611973,1,500,0.9508776797440519,0.3890262644342281
340,coupling_weaken,0.6489447758714314,0.2046802806342809,0.2046802806342809,0.08841843760190116,0,0.31645808731751,0,500,0.8715744511004765,0.4449370884619408
341,closure_reorg,0.30034279107211065,0.44028190667057454,0.44028190667057454,0.0,0,0.5356148554256379,1,500,0.6325583960110779,0.6187515112143336
342,coupling_weaken,0.641785646823449,0.4457036699740687,0.4457036699740687,0.3267116768512594,50,0.6949496650735929,1,500,0.8688942740225201,0.8796345510560457
343,topology_change,0.6559578889479799,0.4445918763590389,0.4445918763590389,0.17472901115963185,0,0.6782655081174044,1,500,0.78910481457791,0.5935859679986595
344,coupling_strengthen,0.36135254317380683,0.40183078741749206,0.40183078741749206,0.22395218436396278,18,0.8882904370171086,1,500,0.3095258634111751,0.6710753591255444
345,coupling_strengthen,0.2697403692430943,0.6691943291631444,0.6691943291631444,0.20768430935502888,12,0.0,1,500,0.192260514103481,0.9033753808794649
346,coupling_strengthen,0.34893186531822984,0.8077686518716289,0.8077686518716289,0.35141081813276764,0,0.0,1,500,0.8676229406198387,0.9632356453062438
347,coupling_weaken,0.5915302959720682,0.41698545514483665,0.41698545514483665,0.2338196453258349,20,0.7054246137053901,1,500,0.9525115535148817,0.6859555688781243
348,closure_reorg,0.31138538677360666,0.5312609353991252,0.5312609353991252,0.0,0,0.29614009510352757,1,500,0.6596872682403803,0.5918337227167266
349,bifurcation,0.3908100027301585,0.46164450555555947,0.46164450555555947,0.2767162245676048,5,0.8192121121670672,1,500,0.7675282581256746,0.4161073289505551
350,coupling_weaken,0.7171050470419469,0.2648722985063623,0.2648722985063623,0.10522302145574888,0,0.37024151215975487,0,500,0.9057337583224269,0.6600916063176782
351,closure_reorg,0.5005993089667842,0.5906878904167356,0.5906878904167356,0.07689369291188793,0,0.8203973174613821,1,500,0.7427517812427324,0.7918453954174418
352,bifurcation,0.47213652456808847,0.49604345819729756,0.49604345819729756,0.4076650600689535,6,0.9494713842880066,1,500,0.5435367955181436,0.6726008813933274
353,fragmentation,0.5590547775118944,0.31682495290318397,0.31682495290318397,0.1993609635422637,0,0.5674890486876243,1,500,0.7888978241234449,0.21781459216204901
354,coupling_weaken,0.6406572057274418,0.3955241281557229,0.3955241281557229,0.1821649177265201,0,0.6179687917728386,1,500,0.6779020783809616,0.5876413852949149
355,closure_reorg,0.5863939509181496,0.7171289981916305,0.7171289981916305,0.0,0,0.7774320844313596,1,500,0.9328331727058208,0.7997732271920661
356,coupling_strengthen,0.30085409530153595,0.8688633799011186,0.8688633799011186,0.136993701840639,0,0.0,0,500,0.25821796480668263,0.9492891028838296
357,coupling_strengthen,0.5124204231636527,0.7546252291590373,0.7546252291590373,0.5242544865274573,0,0.5282524904191785,1,500,0.8446258618258317,0.9175095953547457
358,fragmentation,0.9045665658209576,0.28203714244116135,0.28203714244116135,0.07333017359682585,0,0.3125525534222534,0,500,0.9840331782123961,0.4291413891948456
359,closure_reorg,0.505140839021865,0.5995764435332,0.5995764435332,0.03514195665133759,31,0.8134203027484699,1,500,0.46389507574633,0.7571634552230616
360,coupling_weaken,0.46991192304109336,0.28802526316439075,0.28802526316439075,0.09742936958857179,32,0.6137565201108095,0,500,0.5636676207132069,0.49027050906364505
361,closure_reorg,0.6267739047508146,0.7114908480150586,0.7114908480150586,0.4519301878560228,0,0.8650518241947774,1,500,0.8455337743444364,0.8447415164686224
362,closure_reorg,0.3119116927740199,0.564121861290037,0.564121861290037,0.0,0,0.19398931283095422,1,500,0.23948213428449416,0.6436823049009791
363,coupling_strengthen,0.2532104520718539,0.45402386539903994,0.45402386539903994,0.14007578614456087,0,0.21005052431744575,1,500,0.38975439847283794,0.515408890574762
364,fragmentation,0.5038227252837616,0.3444942283901831,0.3444942283901831,0.3024562741869492,0,0.6843872335501147,1,500,0.8422126385611931,0.45091402925401647
365,topology_change,0.5982402174732692,0.5186801798193644,0.5186801798193644,0.3968414074440124,0,0.8672318123283277,1,500,0.8836752133136757,0.6636977208884776
366,fragmentation,0.8583920524705768,0.09521688324417533,0.09521688324417533,0.015412355300174173,0,0.11195924254543832,0,500,0.9388279105961058,0.18562439629017038
367,topology_change,0.4897304079267868,0.5295471592841966,0.5295471592841966,0.0014388810152596492,0,0.9188622699668733,1,500,0.7263215907506735,0.5678478595323634
368,coupling_strengthen,0.18775822703508516,0.5981437845320348,0.5981437845320348,0.0,7,0.0,1,0,0.15121482748968296,0.8579509398321935
369,coupling_strengthen,0.32006331900692236,0.5374557035230065,0.5374557035230065,0.0363954376402173,0,0.3228987192043665,1,500,0.5120129429645001,0.7296613049437858
370,bifurcation,0.5727664694869197,0.40826222328769984,0.40826222328769984,0.2608916179821827,22,0.7132905895558435,1,500,0.7371472642357094,0.7909388097276971
371,coupling_strengthen,0.355407987569915,0.5372775305376009,0.5372775305376009,0.21203002379060756,0,0.48971530013196096,1,500,0.4921640569872158,0.7361111980764918
372,coupling_weaken,0.5951556859982445,0.47978422321326286,0.47978422321326286,0.41571379584261986,0,0.8064742725856994,1,500,0.8687617288920753,0.42243288569227305
373,coupling_weaken,0.7764150450185813,0.24211505135110764,0.24211505135110764,0.14995112262286286,0,0.31272233912748226,0,500,0.8970237507608806,0.2024053436301012
374,coupling_weaken,0.6726696876654302,0.288951655105751,0.288951655105751,0.057644966757235266,0,0.4304062664754361,0,500,0.9168511851380401,0.4526427777510167
375,bifurcation,0.42141246723903725,0.4452577183732834,0.4452577183732834,0.3034413196740187,0,0.9435498405383181,1,500,0.8952171383232368,0.7688919895364316
376,coupling_strengthen,0.38503106322621955,0.6795656039731602,0.6795656039731602,0.0595257767180321,0,0.23701854901158725,1,500,0.5758354534702367,0.8917413938104733
377,closure_reorg,0.2118242893259747,0.21251191963572932,0.21251191963572932,0.0,0,0.9967690233481695,0,500,0.5820506890281891,0.4258744828658743
378,closure_reorg,0.5701853215613135,0.7116706446766137,0.7116706446766137,0.08682872821235031,0,0.7522952397856525,1,500,0.6417940592885845,0.7888414902762338
379,bifurcation,0.5190805388774774,0.5487698372081696,0.5487698372081696,0.37324650261235787,11,0.9429140371320709,1,500,0.4821960935786993,0.7254806552774313
380,topology_change,0.7008336981332168,0.9268667649003262,0.9268667649003262,0.7135974686974323,0,0.6779392791079613,1,500,0.9260638855057336,0.974419153966503
381,topology_change,0.399846604767954,0.4095599905413244,0.4095599905413244,0.044883394900087845,0,0.9757678232574941,1,500,0.4259354210753476,0.6075505400228394
382,fragmentation,0.751957045201746,0.525658725934291,0.525658725934291,0.22340576057074532,0,0.6994538789303432,1,500,0.9077978316783937,0.3841962569434787
383,coupling_weaken,0.7696625942386675,0.5253887270298423,0.5253887270298423,0.20050992633048803,21,0.6830339644937072,1,500,0.9517488753091405,0.6292444871340735
384,fragmentation,0.5574363607598116,0.2368085034730091,0.2368085034730091,0.07934337133296387,0,0.4258470976879899,0,500,0.8148985694953701,0.3941041228971728
385,coupling_strengthen,0.6688141362788995,0.9472733291457901,0.9472733291457901,0.7132121947384774,0,0.584273938418426,1,500,0.9669175736992157,0.9778166119112106
386,fragmentation,0.6056173443003566,0.3401289821034086,0.3401289821034086,0.2859475440419929,0,0.5623462390394565,1,500,0.9038059185756374,0.37635926127354397
387,coupling_weaken,0.6857664446531408,0.44416915331496454,0.44416915331496454,0.009044998575991288,43,0.6482104022129419,1,500,0.8179698566393375,0.5079291541946
388,coupling_weaken,0.5525127391156613,0.19958514231940042,0.19958514231940042,0.15022234546770505,0,0.36238577388457605,0,500,0.7751397084076023,0.10746420355090085
389,closure_reorg,0.3913638182281458,0.46656256071391816,0.46656256071391816,0.0,22,0.808344350339544,1,500,0.584695128595881,0.5077147401119951
390,fragmentation,0.7323032954803201,0.32779430751714367,0.32779430751714367,0.22203425011128272,0,0.448374239613611,1,500,0.949558587372644,0.295503362033395
391,coupling_weaken,0.808470057269769,0.42060135095534895,0.42060135095534895,0.22251200194739018,0,0.5208362522726935,1,500,0.9352503667513028,0.41962971353268086
392,coupling_strengthen,0.4467094566335744,0.6463447976711008,0.6463447976711008,0.42685413513473214,0,0.5540962155710798,1,500,0.8274277309866922,0.8602848900042014
393,topology_change,0.23210740949250683,0.39207909596875673,0.39207909596875673,0.07113974025897814,0,0.31374259263349524,1,500,0.4837939540457707,0.6830452280596674
394,fragmentation,0.8176188797283979,0.12148482731204609,0.12148482731204609,0.0,0,0.14962375086277546,0,500,0.9128087879391409,0.18866901961342125
395,topology_change,0.5382998300067251,0.3014672680853929,0.3014672680853929,0.17134038490408737,0,0.5608517771674824,1,500,0.5123164001100018,0.5259115529421325
396,coupling_weaken,0.6804385086859086,0.32585038712319736,0.32585038712319736,0.12622695373096993,0,0.4796476614647127,1,500,0.8764700702658343,0.40240983481661735
397,bifurcation,0.399260506486327,0.42772447786113005,0.42772447786113005,0.3406216084181412,0,0.9288863854576285,1,500,0.8747340541604206,0.6525000884534975
398,topology_change,0.31584382097962044,0.31250296976879477,0.31250296976879477,0.215920436618823,0,0.9894558423121638,1,500,0.29221260752306194,0.6414182587393824
399,coupling_strengthen,0.6394506771027809,0.839411497044326,0.839411497044326,0.5574302848345539,0,0.6877810780900229,1,500,0.7508335299601038,0.9793905361108335
