domain,descriptor,param_mid,param_low,param_high,window_start,window_end,n_systems,additive_r2,multiplicative_gain,topological_continuity,tangent_rotation_mean,local_curvature_mean,predictive_shear_mean
branching,CSR,0.0955435871999261,0.0414547799154174,0.1568099032487667,0,50,50,0.082329,0.135757,0.144808,0.960859,1.018883,0.723521
branching,CSR,0.161850223352624,0.0955435871999261,0.2066699571344036,25,75,50,0.100831,0.010401,0.130132,1.065241,0.911055,0.380455
branching,CSR,0.2107060032600503,0.161850223352624,0.2505834694018144,50,100,50,0.075684,0.007395,0.276023,0.974514,0.642285,0.104084
branching,CSR,0.2506775467351539,0.2107060032600503,0.2977583709081872,75,125,50,0.082892,0.113611,0.463178,0.904003,0.480751,0.036233
branching,CSR,0.2997106646956028,0.2506775467351539,0.3358665808386254,100,150,50,0.212053,0.002912,0.383227,0.658025,0.350128,0.045299
branching,CSR,0.3363710942926886,0.2997106646956028,0.3759589761647738,125,175,50,0.288895,0.038371,0.44866,0.74415,0.471707,0.089192
branching,CSR,0.3818889346043685,0.3363710942926886,0.4263689767939452,150,200,50,0.119552,0.14553,0.295812,1.002783,0.733974,0.169453
branching,CSR,0.4270102504137456,0.3818889346043685,0.4713095331913672,175,225,50,0.1041,0.129669,0.06062,0.926224,0.861897,0.124296
branching,CSR,0.7259396606569346,0.6789134811404168,0.7673497740364271,325,375,50,0.040591,0.019847,-0.153061,0.465908,0.125977,0.002984
branching,CSR,0.7679897357163268,0.7259396606569346,0.8277046490470139,350,400,50,0.044789,0.03981,-0.112245,0.427115,0.112537,0.003991
branching,CSR,0.830206694315813,0.7679897357163268,0.8610712057338044,375,425,50,0.016295,0.012902,-0.153061,0.37056,0.089027,0.003981
branching,CSR,0.8621492043409601,0.830206694315813,0.9053716774171076,400,450,50,0.015763,0.031447,-0.170993,0.497719,0.08069,0.003919
branching,CSR,0.9091776612056348,0.8621492043409601,0.9573060379980152,425,475,50,0.077539,0.032542,-0.113751,0.466096,0.068892,0.003297
branching,RBS,0.0,0.0,0.0,0,50,50,0.330769,0.024229,0.180468,0.817643,0.614987,0.210316
branching,RBS,0.0,0.0,0.0,25,75,50,0.171358,0.030731,0.159673,0.947204,0.64917,0.20459
branching,RBS,0.0,0.0,0.0,50,100,50,0.040988,0.042031,0.108395,0.892914,0.71037,0.279132
branching,RBS,0.0,0.0,0.0,75,125,50,0.086201,0.002363,0.039989,0.811649,0.65917,0.253403
branching,RBS,0.0,0.0,0.0,100,150,50,0.108178,0.106662,0.142066,0.932311,0.643818,0.19701
branching,RBS,0.0,0.0,0.0,125,175,50,0.219457,0.005743,-0.059709,0.939625,0.704797,0.335089
branching,RBS,0.0,0.0,0.0659224419848629,150,200,50,0.049027,0.137306,-0.094697,0.953314,0.776095,0.3559
branching,RBS,0.0675256260343639,0.0,0.1782738329784181,175,225,50,0.142087,0.078415,0.058673,0.893201,0.834782,0.148124
branching,RBS,0.8148491516423366,0.6972837028510421,0.918374435091068,325,375,50,0.040591,0.019847,-0.153061,0.465908,0.125977,0.002984
branching,RBS,0.9199743392908168,0.8148491516423366,1.0692616226175349,350,400,50,0.044789,0.03981,-0.112245,0.427115,0.112537,0.003991
branching,RBS,1.0755167357895323,0.9199743392908168,1.1526780143345108,375,425,50,0.016295,0.012902,-0.153061,0.37056,0.089027,0.003981
branching,RBS,1.1553730108524003,1.0755167357895323,1.2634291935427688,400,450,50,0.015763,0.031447,-0.170993,0.497719,0.08069,0.003919
branching,RBS,1.272944153014087,1.1553730108524003,1.3932650949950376,425,475,50,0.077539,0.032542,-0.113751,0.466096,0.068892,0.003297
branching,ADI,0.9429672636447254,0.0,0.952755008795084,0,50,50,0.691683,0.057083,0.480435,1.068015,0.608696,0.216863
branching,ADI,0.9530287311188242,0.9429672636447254,0.9580143976029252,25,75,50,0.796864,0.156021,0.285441,0.953916,0.18647,0.022368
branching,ADI,0.958247902101315,0.9530287311188242,0.963950810295792,50,100,50,0.763686,0.186206,0.571945,0.841411,0.192251,0.018006
branching,ADI,0.9639695010698652,0.958247902101315,0.9661837557433368,75,125,50,0.900614,0.029174,0.227038,0.62917,0.206317,0.007115
branching,ADI,0.9664226215549944,0.9639695010698652,0.9693469903527832,100,150,50,0.890222,0.109778,0.139411,0.469259,0.211491,0.004893
branching,ADI,0.9693487640614336,0.9664226215549944,0.9715585110257534,125,175,50,0.788943,0.18154,0.514416,0.450785,0.222666,0.016745
branching,ADI,0.9715956809912296,0.9693487640614336,0.9742829410698276,150,200,50,0.842126,0.014073,0.660135,0.552701,0.325786,0.022426
branching,ADI,0.974389283868926,0.9715956809912296,0.976036799023518,175,225,50,0.843759,0.03763,0.429882,0.555505,0.342546,0.0157
branching,ADI,0.976218904036652,0.974389283868926,0.9778050310770904,200,250,50,0.898155,0.002782,0.120055,0.466299,0.323322,0.026601
branching,ADI,0.9778885764793928,0.976218904036652,0.978849357769113,225,275,50,0.862667,0.012894,0.478652,0.560552,0.3912,0.043052
branching,ADI,0.978943693380438,0.9778885764793928,0.9811271996978208,250,300,50,0.618845,0.013274,0.368919,0.606294,0.346943,0.032459
branching,ADI,0.9811378332827752,0.978943693380438,0.9829796861303716,275,325,50,0.22674,0.094863,0.037765,0.491398,0.245908,0.014688
branching,ADI,0.9829966646357736,0.9811378332827752,0.9845315113203252,300,350,50,0.116402,0.0341,-0.078335,0.459701,0.229455,0.010404
branching,ADI,0.9845318645217496,0.9829966646357736,0.9868618442150168,325,375,50,0.44359,0.192038,0.044267,0.523797,0.321253,0.032812
branching,ADI,0.9871328318635952,0.9845318645217496,0.9889627732329276,350,400,50,0.374394,0.021123,0.262039,0.52509,0.466244,0.052587
branching,ADI,0.988988492373772,0.9871328318635952,0.99072364909221,375,425,50,0.138042,0.126612,-0.001544,0.530098,0.520501,0.100297
branching,ADI,0.9907613198379678,0.988988492373772,0.9931935360836758,400,450,50,0.250585,0.202743,0.30569,0.647266,0.584831,0.229029
branching,ADI,0.9935401339731684,0.9907613198379678,0.999532771141184,425,475,50,0.365803,0.218285,0.487625,0.680729,0.684434,0.327364
branching,RTP,0.0,0.0,0.0,0,50,50,0.355932,0.068642,0.065497,0.625451,0.403133,0.170879
branching,RTP,0.0,0.0,0.0,25,75,50,0.32566,0.046328,0.135935,0.627591,0.404162,0.13234
branching,RTP,0.0,0.0,0.0,50,100,50,0.233112,0.163133,0.11084,0.727274,0.432142,0.07886
branching,RTP,0.0,0.0,0.0,75,125,50,0.335571,0.173859,0.192705,0.733725,0.429452,0.082222
branching,RTP,0.0,0.0,0.0,100,150,50,0.42084,0.027677,0.215999,0.687396,0.420257,0.132588
branching,RTP,0.0,0.0,0.0,125,175,50,0.688462,0.00037,0.580405,0.714764,0.436237,0.127282
branching,RTP,0.0,0.0,0.0,150,200,50,0.479715,0.001307,0.262206,0.665455,0.382247,0.085027
branching,RTP,0.0,0.0,0.0,175,225,50,0.319061,0.132014,0.109629,0.557087,0.350629,0.143372
branching,RTP,0.0,0.0,0.0,200,250,50,0.394297,0.202821,0.087372,0.581439,0.405854,0.158899
branching,RTP,0.0,0.0,0.0,225,275,50,0.427776,0.079774,0.301809,0.692384,0.523972,0.10918
branching,RTP,0.0,0.0,0.0,250,300,50,0.214007,0.112747,0.204199,0.610839,0.465544,0.063482
branching,RTP,0.0,0.0,0.0,275,325,50,0.343881,0.269526,0.238543,0.545678,0.364792,0.083997
branching,RTP,0.0,0.0,0.0,300,350,50,0.30768,0.133316,0.198472,0.617592,0.37398,0.107845
branching,RTP,0.0,0.0,0.0,325,375,50,0.259982,0.024304,0.11504,0.627954,0.350602,0.079131
branching,RTP,0.0,0.0,0.0,350,400,50,0.254839,0.108186,0.144648,0.555838,0.404324,0.098031
branching,RTP,0.0,0.0,0.0,375,425,50,0.214547,0.448956,0.20137,0.518555,0.405612,0.120266
branching,RTP,0.0,0.0,0.0,400,450,50,0.504484,0.020584,0.139506,0.588963,0.37405,0.102115
branching,RTP,0.0,0.0,0.0,425,475,50,0.395804,0.029798,0.214554,0.684931,0.39941,0.100893
branching,SRD,1.0,1.0,1.0,0,50,50,0.355932,0.068642,0.065497,0.625451,0.403133,0.170879
branching,SRD,1.0,1.0,1.0,25,75,50,0.32566,0.046328,0.135935,0.627591,0.404162,0.13234
branching,SRD,1.0,1.0,1.0,50,100,50,0.233112,0.163133,0.11084,0.727274,0.432142,0.07886
branching,SRD,1.0,1.0,1.0,75,125,50,0.335571,0.173859,0.192705,0.733725,0.429452,0.082222
branching,SRD,1.0,1.0,1.0,100,150,50,0.42084,0.027677,0.215999,0.687396,0.420257,0.132588
branching,SRD,1.0,1.0,1.0,125,175,50,0.688462,0.00037,0.580405,0.714764,0.436237,0.127282
branching,SRD,1.0,1.0,1.0,150,200,50,0.479715,0.001307,0.262206,0.665455,0.382247,0.085027
branching,SRD,1.0,1.0,1.0,175,225,50,0.319061,0.132014,0.109629,0.557087,0.350629,0.143372
branching,SRD,1.0,1.0,1.0,200,250,50,0.394297,0.202821,0.087372,0.581439,0.405854,0.158899
branching,SRD,1.0,1.0,1.0,225,275,50,0.427776,0.079774,0.301809,0.692384,0.523972,0.10918
branching,SRD,1.0,1.0,1.0,250,300,50,0.214007,0.112747,0.204199,0.610839,0.465544,0.063482
branching,SRD,1.0,1.0,1.0,275,325,50,0.343881,0.269526,0.238543,0.545678,0.364792,0.083997
branching,SRD,1.0,1.0,1.0,300,350,50,0.30768,0.133316,0.198472,0.617592,0.37398,0.107845
branching,SRD,1.0,1.0,1.0,325,375,50,0.259982,0.024304,0.11504,0.627954,0.350602,0.079131
branching,SRD,1.0,1.0,1.0,350,400,50,0.254839,0.108186,0.144648,0.555838,0.404324,0.098031
branching,SRD,1.0,1.0,1.0,375,425,50,0.214547,0.448956,0.20137,0.518555,0.405612,0.120266
branching,SRD,1.0,1.0,1.0,400,450,50,0.504484,0.020584,0.139506,0.588963,0.37405,0.102115
branching,SRD,1.0,1.0,1.0,425,475,50,0.395804,0.029798,0.214554,0.684931,0.39941,0.100893
cellular_automata,CSR,0.3767701612564367,0.0,0.5623351446188083,0,50,50,0.097838,0.223397,-0.155325,0.616116,0.341825,0.055905
cellular_automata,CSR,0.5623351446188083,0.3767701612564367,0.5623351446188083,25,75,50,0.054852,0.103449,-0.181557,0.602272,0.536949,0.087818
cellular_automata,CSR,0.5623351446188083,0.5623351446188083,0.5623351446188083,50,100,50,0.068747,0.036092,-0.198891,0.575199,0.537285,0.090344
cellular_automata,CSR,0.5623351446188083,0.5623351446188083,0.5623351446188083,75,125,50,0.090829,0.038849,-0.117561,0.574801,0.497642,0.082197
cellular_automata,CSR,0.5623351446188083,0.5623351446188083,0.6615632381579821,100,150,50,0.046734,0.042064,-0.169527,0.566061,0.623408,0.11471
cellular_automata,CSR,0.6615632381579821,0.5623351446188083,0.6615632381579821,125,175,50,0.120678,0.135225,0.009448,0.442272,0.658382,0.173023
cellular_automata,CSR,0.6615632381579821,0.6615632381579821,0.6615632381579821,150,200,50,0.052726,0.042469,-0.11739,0.378002,0.651489,0.16467
cellular_automata,CSR,0.6615632381579821,0.6615632381579821,0.6615632381579821,175,225,50,0.053031,0.021449,-0.148467,0.415378,0.734982,0.217475
cellular_automata,CSR,0.6615632381579821,0.6615632381579821,0.6615632381579821,200,250,50,0.026471,0.089387,-0.118986,0.402911,0.804174,0.212017
cellular_automata,CSR,0.6615632381579821,0.6615632381579821,0.6615632381579821,225,275,50,0.024934,0.065928,-0.181495,0.393353,0.872391,0.164146
cellular_automata,CSR,0.6615632381579821,0.6615632381579821,0.6615632381579821,250,300,50,0.030811,0.038198,-0.16719,0.379412,1.064106,0.172156
cellular_automata,CSR,0.6615632381579821,0.6615632381579821,0.6615632381579821,275,325,50,0.091385,0.051717,-0.084361,0.39718,0.971341,0.122076
cellular_automata,CSR,0.6615632381579821,0.6615632381579821,0.6615632381579821,300,350,50,0.167914,0.098997,-0.040103,0.4905,0.636685,0.110938
cellular_automata,CSR,0.6615632381579821,0.6615632381579821,0.6931471805599453,325,375,50,0.043025,0.060155,-0.136608,0.491032,1.032564,0.859053
cellular_automata,CSR,0.6931471805599453,0.6615632381579821,0.6931471805599453,350,400,50,0.095945,0.100075,0.140744,0.409721,1.44132,1.599135
cellular_automata,CSR,0.6931471805599453,0.6931471805599453,0.6931471805599453,375,425,50,0.095042,0.077053,0.163043,0.382952,1.701975,2.165316
cellular_automata,CSR,0.6931471805599453,0.6931471805599453,0.6931471805599453,400,450,50,0.038452,0.01188,-0.042902,0.379772,1.916574,2.600272
cellular_automata,CSR,0.6931471805599453,0.6931471805599453,0.6931471805599453,425,475,50,0.023957,0.007821,-0.096496,0.373731,1.69499,2.228948
cellular_automata,RBS,0.25,0.0,0.25,0,50,50,0.052846,0.058698,-0.170838,0.563915,0.357965,0.059895
cellular_automata,RBS,0.25,0.25,0.25,25,75,50,0.043584,0.021334,-0.162166,0.541609,0.463422,0.081576
cellular_automata,RBS,0.375,0.25,0.375,50,100,50,0.112093,0.064624,-0.019592,0.472964,0.547024,0.079171
cellular_automata,RBS,0.375,0.375,0.375,75,125,50,0.042312,0.003363,-0.185606,0.363438,0.625716,0.123771
cellular_automata,RBS,0.375,0.375,0.375,100,150,50,0.036161,0.002254,-0.185707,0.335857,0.560038,0.113492
cellular_automata,RBS,0.375,0.375,0.375,125,175,50,0.039593,0.026367,-0.166369,0.31412,0.487174,0.06536
cellular_automata,RBS,0.375,0.375,0.5,150,200,50,0.037918,0.013831,-0.216611,0.349323,0.950615,0.926433
cellular_automata,RBS,0.5,0.375,0.5,175,225,50,0.036965,0.012611,-0.163402,0.406568,1.51352,1.91025
cellular_automata,RBS,0.5,0.5,0.5,200,250,50,0.033068,0.000777,-0.136451,0.413091,1.697594,2.20392
cellular_automata,RBS,0.5,0.5,0.5,225,275,50,0.033011,0.01033,-0.04289,0.364592,1.751214,2.300709
cellular_automata,RBS,0.5,0.5,0.5,250,300,50,0.06165,0.037602,-0.001228,0.379393,1.625602,2.036292
cellular_automata,RBS,0.5,0.5,0.625,275,325,50,0.098211,0.113371,-0.016304,0.384316,1.547732,1.904968
cellular_automata,RBS,0.625,0.5,0.625,300,350,50,0.087047,0.073428,-0.089292,0.416284,1.267875,1.111445
cellular_automata,RBS,0.625,0.625,0.625,325,375,50,0.019784,0.002001,-0.084457,0.500941,1.086937,0.238713
cellular_automata,RBS,0.625,0.625,0.625,350,400,50,0.029599,0.028269,-0.074686,0.517514,1.065873,0.246227
cellular_automata,RBS,0.625,0.625,0.625,375,425,50,0.044078,0.051332,-0.139936,0.47286,1.014165,0.229661
cellular_automata,RBS,0.625,0.625,0.75,400,450,50,0.041523,0.03458,-0.153821,0.507764,0.90097,0.20946
cellular_automata,RBS,0.75,0.625,0.75,425,475,50,0.057546,0.033552,-0.085367,0.610269,0.754457,0.165636
cellular_automata,ADI,0.0,0.0,0.0,0,50,50,0.017784,0.05216,-0.197917,0.550815,0.291887,0.095992
cellular_automata,ADI,0.0,0.0,0.0,25,75,50,0.067617,0.02278,-0.208333,0.478465,0.221616,0.064125
cellular_automata,ADI,0.0,0.0,0.0,50,100,50,0.106329,0.013762,-0.14539,0.512932,0.266116,0.072615
cellular_automata,ADI,0.0,0.0,0.0,75,125,50,0.054712,0.014328,-0.133304,0.525122,0.283605,0.075008
cellular_automata,ADI,0.0,0.0,0.0095233776343903,100,150,50,0.281354,0.237176,0.05706,0.471007,0.566935,0.578727
cellular_automata,ADI,0.0100565773176076,0.0,0.0357142857142858,125,175,50,0.236008,0.127246,0.024079,0.420328,1.583248,2.428696
cellular_automata,ADI,0.0384615384615383,0.0100565773176076,0.0750737694102416,150,200,50,0.116472,0.070611,-0.043478,0.346929,1.976467,3.010088
cellular_automata,ADI,0.0780401042612504,0.0384615384615383,0.1122881355932202,175,225,50,0.293382,0.088745,-0.057778,0.324545,1.512538,1.788377
cellular_automata,ADI,0.1131221719457016,0.0780401042612504,0.1555681013545556,200,250,50,0.357182,0.089636,-0.105516,0.36998,1.503975,1.571523
cellular_automata,ADI,0.1582552454711732,0.1131221719457016,0.207514339159822,225,275,50,0.381755,0.222185,-0.066737,0.437422,1.658915,1.754396
cellular_automata,ADI,0.2096774193548379,0.1582552454711732,0.265791661335409,250,300,50,0.225394,0.224416,-0.129354,0.484762,1.344347,1.061759
cellular_automata,ADI,0.265791661335409,0.2096774193548379,0.3333069943239014,275,325,50,0.053118,0.208298,-0.126238,0.461518,0.944127,0.333518
cellular_automata,ADI,0.3333333333333333,0.265791661335409,0.3955219877678112,300,350,50,0.060147,0.211086,-0.161298,0.463796,1.164108,0.231818
cellular_automata,ADI,0.3985633328359497,0.3333333333333333,0.4800426723563985,325,375,50,0.055709,0.203232,-0.202102,0.466534,1.333564,0.250445
cellular_automata,ADI,0.4851485148514872,0.3985633328359497,0.5901114733179493,350,400,50,0.085154,0.107516,-0.125501,0.447284,1.096286,0.289102
cellular_automata,ADI,0.5901114733179493,0.4851485148514872,0.7047299449448835,375,425,50,0.052427,0.096172,-0.09821,0.456076,1.016271,0.22082
cellular_automata,ADI,0.7047299449448835,0.5901114733179493,0.8404842240065994,400,450,50,0.057512,0.042622,-0.179101,0.479265,0.864133,0.112205
cellular_automata,ADI,0.8553885335526654,0.7047299449448835,0.98675438206593,425,475,50,0.046385,0.116821,-0.183013,0.47084,0.690301,0.070398
cellular_automata,RTP,0.0560015343548473,0.0,0.1538375932286111,0,50,50,0.080272,0.033387,-0.138298,0.556979,0.206511,0.06145
cellular_automata,RTP,0.1538375932286111,0.0560015343548473,0.2512612517451797,25,75,50,0.054999,0.032784,-0.213542,0.511296,0.192776,0.054961
cellular_automata,RTP,0.2512612517451797,0.1538375932286111,0.3482638265219666,50,100,50,0.054377,0.083144,-0.173469,0.47719,0.223618,0.073909
cellular_automata,RTP,0.4448362606129621,0.2512612517451797,0.6366524610914102,75,125,50,0.104626,0.144565,-0.102041,0.561795,0.289735,0.086986
cellular_automata,RTP,0.6366524610914102,0.4448362606129621,0.7421667371998113,100,150,50,0.092778,0.122436,-0.141844,0.561912,0.327825,0.072966
cellular_automata,RTP,0.7421667371998113,0.6366524610914102,0.9096984407261784,125,175,50,0.053463,0.07879,-0.134819,0.44342,0.274877,0.049814
cellular_automata,RTP,0.9096984407261784,0.7421667371998113,1.4756925436479988,150,200,50,0.037481,0.311795,-0.146634,0.448099,0.30201,0.083105
cellular_automata,RTP,1.4822873644929604,0.9096984407261784,3.138132908578928,175,225,50,0.381003,0.10168,-0.06689,0.571482,0.97817,0.252755
cellular_automata,RTP,3.148597871454219,1.4822873644929604,3.4077245539873395,200,250,50,0.077131,0.33099,-0.115053,0.572393,1.475805,0.45698
cellular_automata,RTP,3.4077245539873395,3.148597871454219,3.601805764544124,225,275,50,0.067497,0.071104,-0.069482,0.451995,1.27546,0.667845
cellular_automata,RTP,3.601805764544124,3.4077245539873395,3.768161087878511,250,300,50,0.048381,0.294185,-0.090702,0.426501,1.192137,0.749714
cellular_automata,RTP,3.768161087878511,3.601805764544124,3.925885949039344,275,325,50,0.085391,0.176553,-0.141466,0.431042,1.269104,0.790516
cellular_automata,RTP,3.925885949039344,3.768161087878511,3.925885949039344,300,350,50,0.030504,0.103059,-0.151042,0.384155,1.278552,1.063634
cellular_automata,RTP,3.925885949039344,3.925885949039344,3.925885949039345,325,375,50,0.082626,0.081968,-0.002717,0.353858,1.417113,1.631748
cellular_automata,RTP,3.925885949039345,3.925885949039344,3.925885949039345,350,400,50,0.145911,0.080192,-0.023438,0.349218,1.55759,1.852764
cellular_automata,RTP,3.925885949039345,3.925885949039345,3.925885949039345,375,425,50,0.056772,0.029366,-0.154711,0.389861,1.425811,1.520923
cellular_automata,RTP,3.925885949039345,3.925885949039345,3.925885949039345,400,450,50,0.058734,0.09295,-0.132661,0.43254,1.338149,1.041666
cellular_automata,RTP,3.925885949039345,3.925885949039345,3.925885949039345,425,475,50,0.025023,0.08483,-0.14417,0.393403,1.535665,1.204087
cellular_automata,SRD,4194304.0,1048576.0,8388608.0,0,50,50,0.362285,0.107889,-0.191904,0.459962,0.91786,0.541514
cellular_automata,SRD,536870912.0,134217728.0,2147483648.0,100,150,50,0.059004,0.211382,-0.071437,0.460735,0.766346,0.405008
cellular_automata,SRD,2147483648.0,536870912.0,8589934592.0,125,175,50,0.177985,0.188155,-0.057286,0.444236,0.892481,0.365535
cellular_automata,SRD,274877906944.0,137438953472.0,1099511627776.0,225,275,50,0.48989,0.08925,-0.158607,0.487577,1.071926,0.79128
cellular_automata,SRD,1099511627776.0,274877906944.0,8796093022208.0,250,300,50,0.127397,0.032157,-0.112221,0.460863,1.021143,0.714175
cellular_automata,SRD,8796093022208.0,1099511627776.0,35184372088832.0,275,325,50,0.105348,0.114779,-0.131541,0.426432,0.835521,0.572109
cellular_automata,SRD,281474976710656.0,35184372088832.0,1125899906842624.0,325,375,50,0.716493,0.131548,-0.167423,0.428912,1.355749,1.473392
cellular_automata,SRD,1125899906842624.0,281474976710656.0,4503599627370496.0,350,400,50,0.119955,0.108923,-0.104311,0.433274,1.096327,1.035834
cellular_automata,SRD,4503599627370496.0,1125899906842624.0,9007199254740992.0,375,425,50,0.532498,0.411417,0.046875,0.434636,0.852792,0.626692
graph_diffusion,CSR,2.2887670383134378,1.039720770839918,2.419216051108553,0,50,50,0.628875,0.07981,0.394747,1.077419,0.006335,6e-06
graph_diffusion,CSR,2.44428930972128,2.2887670383134378,2.5590153262282005,25,75,50,0.482108,0.305155,0.242628,1.087917,0.006738,6e-06
graph_diffusion,CSR,2.5609824810126858,2.44428930972128,2.6692275711760867,50,100,50,0.560623,0.23713,0.441188,0.861258,0.0062,5e-06
graph_diffusion,CSR,2.675744113952325,2.5609824810126858,2.769178794851216,75,125,50,0.606196,0.129785,0.463858,0.675394,0.0065,3e-06
graph_diffusion,CSR,2.775534462107265,2.675744113952325,2.89102549922747,100,150,50,0.547168,0.114249,0.475949,0.745012,0.007004,2e-06
graph_diffusion,CSR,2.8997457748597446,2.775534462107265,2.9676235283341863,125,175,50,0.527031,0.199423,0.464109,0.97815,0.007367,1e-06
graph_diffusion,CSR,2.968196253167307,2.8997457748597446,3.0341947934929743,150,200,50,0.603828,0.103601,0.374059,1.040751,0.007175,1e-06
graph_diffusion,CSR,3.037444547898163,2.968196253167307,3.079073557562868,175,225,50,0.664733,0.121841,0.522565,1.099902,0.005614,0.0
graph_diffusion,CSR,3.0918546094921857,3.037444547898163,3.1572127606754794,200,250,50,0.543314,0.153094,0.42535,1.354839,0.003751,0.0
graph_diffusion,CSR,3.157751517677257,3.0918546094921857,3.225715840375147,225,275,50,0.582854,0.168626,0.436509,1.529141,0.001858,0.0
graph_diffusion,CSR,3.2275867147574786,3.157751517677257,3.266415420138698,250,300,50,0.693771,0.113126,0.557783,1.570327,0.000726,0.0
graph_diffusion,CSR,3.26681041562425,3.2275867147574786,3.3207702964967702,275,325,50,0.651484,0.214462,0.259667,1.570327,0.000292,0.0
graph_diffusion,CSR,3.3227099666440862,3.26681041562425,3.400295309456752,300,350,50,0.609379,0.0313,0.293499,1.570796,1.8e-05,0.0
graph_diffusion,CSR,3.4016560138349825,3.3227099666440862,3.444352652032157,325,375,50,0.329693,0.281471,0.216849,1.570796,3e-06,0.0
graph_diffusion,CSR,3.4447951881468533,3.4016560138349825,3.4796378994488726,350,400,50,0.24152,0.354198,0.185856,1.570796,3e-06,0.0
graph_diffusion,CSR,3.481787507113678,3.4447951881468533,3.518219624515873,375,425,50,0.231666,0.357757,0.081224,1.570796,3e-06,0.0
graph_diffusion,CSR,3.520922072431372,3.481787507113678,3.572304394833556,400,450,50,0.163428,0.155906,-0.076047,1.570796,0.0,0.0
graph_diffusion,CSR,3.572730015965195,3.520922072431372,3.5988950557948454,425,475,50,0.191104,0.115889,-0.049923,1.570796,0.0,0.0
graph_diffusion,RBS,0.0599999999977222,0.0,0.1183908045951206,0,50,50,0.395799,0.165314,0.149083,0.833772,0.00285,1e-06
graph_diffusion,RBS,0.12063492063191,0.0599999999977222,0.162176274017275,25,75,50,0.603703,0.123701,0.412837,1.237124,0.001763,0.0
graph_diffusion,RBS,0.1642512077282457,0.12063492063191,0.1857142857106138,50,100,50,0.655039,0.158405,0.230955,1.239615,0.002044,1e-06
graph_diffusion,RBS,0.1862585033974272,0.1642512077282457,0.2072335600883826,75,125,50,0.513558,0.213384,0.169103,1.251316,0.002564,1e-06
graph_diffusion,RBS,0.2079648526046313,0.1862585033974272,0.2380852863601238,100,150,50,0.407772,0.284747,0.066593,1.412107,0.001526,0.0
graph_diffusion,RBS,0.238888888885361,0.2079648526046313,0.266795426794875,125,175,50,0.451106,0.33142,0.116565,1.414828,0.001958,1e-06
graph_diffusion,RBS,0.2669025419017842,0.238888888885361,0.2937013752796803,150,200,50,0.426541,0.262022,0.217937,1.338258,0.002569,1e-06
graph_diffusion,RBS,0.294117647056786,0.2669025419017842,0.319583021145154,175,225,50,0.438359,0.296814,0.177557,1.332579,0.002611,1e-06
graph_diffusion,RBS,0.3196078431353527,0.294117647056786,0.3438712522026736,200,250,50,0.391643,0.264705,0.048625,1.324336,0.003311,1e-06
graph_diffusion,RBS,0.3447342208651472,0.3196078431353527,0.3636363636332121,225,275,50,0.351992,0.152876,-0.00048,1.224252,0.003904,2e-06
graph_diffusion,RBS,0.3650278293122994,0.3447342208651472,0.3892735313133787,250,300,50,0.197481,0.206987,0.050105,1.231311,0.003771,2e-06
graph_diffusion,RBS,0.3903077691534288,0.3650278293122994,0.4133333333308778,275,325,50,0.28986,0.266975,-0.004868,1.335167,0.003341,2e-06
graph_diffusion,RBS,0.4168367346923246,0.3903077691534288,0.4349956925473883,300,350,50,0.182886,0.425306,-0.014065,1.398124,0.003284,2e-06
graph_diffusion,RBS,0.435012826678316,0.4168367346923246,0.4626497539432706,325,375,50,0.506409,0.340428,0.238003,1.392177,0.00307,1e-06
graph_diffusion,RBS,0.4630488559053362,0.435012826678316,0.486840104339491,350,400,50,0.581048,0.328792,0.199816,1.382343,0.003843,1e-06
graph_diffusion,RBS,0.4868734774740107,0.4630488559053362,0.5214285714258464,375,425,50,0.42988,0.194081,0.255639,1.399625,0.004109,2e-06
graph_diffusion,RBS,0.5228571428544075,0.4868734774740107,0.5461718836713007,400,450,50,0.465039,0.40152,0.15477,1.404221,0.004091,1e-06
graph_diffusion,RBS,0.5481248626285266,0.5228571428544075,0.5838624338593819,425,475,50,0.17383,0.395156,-0.07899,1.384143,0.004176,2e-06
graph_diffusion,ADI,0.0,-3.801942045627776e-16,8.123775273122812e-16,0,50,50,0.114674,0.064615,-0.098737,0.783859,0.003357,2e-06
graph_diffusion,ADI,8.882920493771514e-16,0.0,0.4963106042073617,25,75,50,0.351924,0.048586,-0.16932,0.94823,0.003629,2e-06
graph_diffusion,ADI,0.5088743438465844,8.882920493771514e-16,0.6769124302849111,50,100,50,0.31284,0.200478,-0.211196,1.126882,0.004018,2e-06
graph_diffusion,ADI,0.6937285011083395,0.5088743438465844,0.8256564371524209,75,125,50,0.186445,0.310993,-0.09332,1.163463,0.004028,2e-06
graph_diffusion,ADI,0.8334965569041086,0.6937285011083395,1.0867198148874948,100,150,50,0.19105,0.308415,-0.045259,1.145271,0.004961,3e-06
graph_diffusion,ADI,1.0994856798763506,0.8334965569041086,1.4394338756151104,125,175,50,0.032747,0.322625,-0.181641,1.256,0.004556,3e-06
graph_diffusion,ADI,1.4884692598228064,1.0994856798763506,1.6942827234770832,150,200,50,0.009869,0.259392,-0.194353,1.35922,0.003279,2e-06
graph_diffusion,ADI,1.6958228283688084,1.4884692598228064,2.0956644860784386,175,225,50,0.156489,0.094194,-0.115836,1.31491,0.003349,2e-06
graph_diffusion,ADI,2.123198576089886,1.6958228283688084,2.490786584986154,200,250,50,0.202079,0.267991,0.011453,1.286668,0.00309,2e-06
graph_diffusion,ADI,2.501110823199791,2.123198576089886,3.021765950881034,225,275,50,0.048629,0.480696,-0.141821,1.319308,0.00429,3e-06
graph_diffusion,ADI,3.034852170884108,2.501110823199791,3.493018961296079,250,300,50,0.179123,0.1967,-0.046916,1.285183,0.0049,3e-06
graph_diffusion,ADI,3.5027162631896243,3.034852170884108,4.266906870281231,275,325,50,0.178825,0.198075,-0.064817,1.366445,0.003358,1e-06
graph_diffusion,ADI,4.291180085180084,3.5027162631896243,4.796228273272303,300,350,50,0.165807,0.140512,-0.148759,1.440675,0.003183,1e-06
graph_diffusion,ADI,4.823286766593317,4.291180085180084,5.50732625032593,325,375,50,0.131355,0.114421,-0.120902,1.416523,0.003046,0.0
graph_diffusion,ADI,5.551598210517332,4.823286766593317,6.162316136027704,350,400,50,0.094363,0.176579,-0.089314,1.385132,0.002821,0.0
graph_diffusion,ADI,6.162787372617049,5.551598210517332,6.854199336414634,375,425,50,0.047175,0.321704,-0.086839,1.431638,0.00281,0.0
graph_diffusion,ADI,6.8726359700821344,6.162787372617049,7.920637110384997,400,450,50,0.143219,0.115878,-0.061331,1.549106,0.001551,0.0
graph_diffusion,ADI,7.920964113753912,6.8726359700821344,9.25368982562464,425,475,50,0.036662,0.393727,-0.08793,1.567715,0.0004,0.0
graph_diffusion,RTP,0.9333844910018028,0.4515449934959717,0.9537777573126868,0,50,50,0.596461,0.112969,0.261327,0.845147,0.004225,3e-06
graph_diffusion,RTP,0.9539873189207708,0.9333844910018028,0.962837935185278,25,75,50,0.585039,0.069888,-0.009114,0.973184,0.004378,2e-06
graph_diffusion,RTP,0.963057035858636,0.9539873189207708,0.96981142612778,50,100,50,0.532446,0.159158,-0.04898,0.989692,0.004734,2e-06
graph_diffusion,RTP,0.9699035281678964,0.963057035858636,0.973349553499592,75,125,50,0.498188,0.184635,-0.005016,1.113717,0.004632,2e-06
graph_diffusion,RTP,0.9735641583618234,0.9699035281678964,0.9774164885723295,100,150,50,0.075779,0.532936,-0.127827,1.202502,0.00396,2e-06
graph_diffusion,RTP,0.977615138836094,0.9735641583618234,0.980222616403232,125,175,50,0.085299,0.329346,-0.079776,1.299604,0.00331,2e-06
graph_diffusion,RTP,0.980459035671861,0.977615138836094,0.983425027881366,150,200,50,0.225059,0.367418,-0.11207,1.279329,0.003152,2e-06
graph_diffusion,RTP,0.9835018462607156,0.980459035671861,0.9853553789276156,175,225,50,0.339841,0.173041,0.109799,1.265391,0.003774,2e-06
graph_diffusion,RTP,0.985678369575036,0.9835018462607156,0.9871102818675936,200,250,50,0.300448,0.192708,0.013515,1.342037,0.00338,2e-06
graph_diffusion,RTP,0.987126486052754,0.985678369575036,0.9887794986773788,225,275,50,0.121685,0.142408,-0.126719,1.352874,0.003363,2e-06
graph_diffusion,RTP,0.9888201569203652,0.987126486052754,0.9902761478912644,250,300,50,0.036593,0.065581,-0.188574,1.385413,0.003665,1e-06
graph_diffusion,RTP,0.990317125507082,0.9888201569203652,0.9914429933181724,275,325,50,0.093996,0.11325,-0.213291,1.414334,0.002485,1e-06
graph_diffusion,RTP,0.9914959573618312,0.990317125507082,0.9926108115270028,300,350,50,0.265627,0.309167,0.06503,1.381642,0.002388,1e-06
graph_diffusion,RTP,0.9926515698514218,0.9914959573618312,0.9935897692249304,325,375,50,0.292384,0.332821,0.13056,1.372922,0.002914,1e-06
graph_diffusion,RTP,0.993611715296696,0.9926515698514218,0.9940021853830796,350,400,50,0.231699,0.526437,-0.051456,1.473951,0.003096,1e-06
graph_diffusion,RTP,0.9940078349223302,0.993611715296696,0.994766386365662,375,425,50,0.173509,0.089995,-0.003898,1.498616,0.002555,1e-06
graph_diffusion,RTP,0.9948681450943864,0.9940078349223302,0.995562743662508,400,450,50,0.207141,0.197472,-0.031107,1.489759,0.001382,0.0
graph_diffusion,RTP,0.9956416373999304,0.9948681450943864,0.9963732944124656,425,475,50,0.157525,0.187634,-0.019777,1.523476,0.001577,0.0
graph_diffusion,SRD,11.0,10.0,12.0,0,50,50,0.600419,0.10488,0.398105,1.125902,0.006397,7e-06
graph_diffusion,SRD,12.0,11.0,14.0,25,75,50,0.617243,0.177076,0.516969,1.04381,0.006092,6e-06
graph_diffusion,SRD,14.0,12.0,16.0,50,100,50,0.551484,0.28125,0.454806,0.87511,0.006259,5e-06
graph_diffusion,SRD,16.0,14.0,18.0,75,125,50,0.394688,0.215698,0.150487,0.70514,0.007104,3e-06
graph_diffusion,SRD,18.0,16.0,19.0,100,150,50,0.577341,0.114894,0.42866,0.874931,0.007688,2e-06
graph_diffusion,SRD,19.0,18.0,21.0,125,175,50,0.743442,0.134117,0.696772,0.959286,0.007403,1e-06
graph_diffusion,SRD,21.0,19.0,22.0,150,200,50,0.658391,0.172737,0.482442,0.925264,0.00649,1e-06
graph_diffusion,SRD,22.0,21.0,23.0,175,225,50,0.682773,0.128941,0.392336,1.080424,0.005371,0.0
graph_diffusion,SRD,24.0,22.0,25.0,200,250,50,0.580952,0.160032,0.468751,1.287931,0.003631,0.0
graph_diffusion,SRD,25.0,24.0,26.0,225,275,50,0.597317,0.135856,0.32321,1.508066,0.001564,0.0
graph_diffusion,SRD,26.0,25.0,28.0,250,300,50,0.569071,0.186926,0.422137,1.560468,0.000698,0.0
graph_diffusion,SRD,28.0,26.0,29.0,275,325,50,0.653363,0.097017,0.473849,1.570796,0.000156,0.0
graph_diffusion,SRD,29.0,28.0,31.0,300,350,50,0.831072,0.047088,0.480545,1.570796,3.6e-05,0.0
graph_diffusion,SRD,31.0,29.0,33.0,325,375,50,0.788356,0.05442,0.559077,1.570796,2.5e-05,0.0
graph_diffusion,SRD,33.0,31.0,34.0,350,400,50,0.564454,0.098961,0.375347,1.570796,1.1e-05,0.0
graph_diffusion,SRD,34.0,33.0,35.0,375,425,50,0.358891,0.211871,0.231444,1.570796,3e-06,0.0
graph_diffusion,SRD,35.0,34.0,37.0,400,450,50,0.341318,0.343669,0.282376,1.570796,0.0,0.0
graph_diffusion,SRD,37.0,35.0,38.0,425,475,50,0.213414,0.225998,-0.017661,1.570796,0.0,0.0
kuramoto,CSR,0.0925446249580837,0.0092455333459178,0.1959747127493457,0,50,50,0.207441,0.129245,-0.040498,1.306341,0.581108,0.085034
kuramoto,CSR,0.2040366720019912,0.0925446249580837,0.3332391688100136,25,75,50,0.169374,0.289041,-0.05207,1.319471,0.593013,0.097681
kuramoto,CSR,0.33382795942706,0.2040366720019912,0.4819742285989439,50,100,50,0.095158,0.138588,-0.126503,1.356861,0.530155,0.092742
kuramoto,CSR,0.4940925568372142,0.33382795942706,0.6946567941292189,75,125,50,0.154847,0.22687,-0.056383,1.448037,0.429657,0.061596
kuramoto,CSR,0.7021031630816765,0.4940925568372142,0.9164750545839608,100,150,50,0.111883,0.15267,-0.109618,1.422598,0.327012,0.030663
kuramoto,CSR,0.9392832844276552,0.7021031630816765,1.056575430534965,125,175,50,0.206615,0.101086,-0.000731,1.279419,0.241507,0.013549
kuramoto,CSR,1.0671442633962411,0.9392832844276552,1.2538813480547504,150,200,50,0.116481,0.228349,0.108311,1.201569,0.209394,0.007009
kuramoto,CSR,1.2589787991400112,1.0671442633962411,1.3830919626701572,175,225,50,0.070138,0.247104,-0.173093,1.209191,0.204718,0.005852
kuramoto,CSR,1.3856110316092358,1.2589787991400112,1.5360070598989592,200,250,50,0.023079,0.057504,-0.156971,1.168768,0.194287,0.005118
kuramoto,CSR,1.538492386643371,1.3856110316092358,1.672129033975935,225,275,50,0.173439,0.210504,-0.050105,1.149813,0.177047,0.004372
kuramoto,CSR,1.6766344187086912,1.538492386643371,1.8979522129273088,250,300,50,0.207404,0.132392,-0.043904,1.163432,0.170713,0.004722
kuramoto,CSR,1.8986598067434977,1.6766344187086912,2.202465877484131,275,325,50,0.159622,0.343335,-0.087082,1.163082,0.167357,0.004922
kuramoto,CSR,2.2111811979340525,1.8986598067434977,2.579254844040652,300,350,50,0.088009,0.225613,-0.072673,1.18468,0.168753,0.005235
kuramoto,CSR,2.6064909145412667,2.2111811979340525,3.085028713939061,325,375,50,0.234595,0.207654,0.0656,1.14079,0.180696,0.00649
kuramoto,CSR,3.121553460266008,2.6064909145412667,3.678691021245092,350,400,50,0.253652,0.140773,0.161652,1.067669,0.201033,0.010119
kuramoto,CSR,3.7388828989853513,3.121553460266008,4.34386006400706,375,425,50,0.31212,0.180538,0.297348,1.026217,0.216334,0.014101
kuramoto,CSR,4.410305126661616,3.7388828989853513,6.01959031652771,400,450,50,0.359205,0.187593,0.266643,0.944625,0.221162,0.015938
kuramoto,CSR,6.034554742409064,4.410305126661616,9.050714364996372,425,475,50,0.096071,0.16479,-0.188338,0.883089,0.223427,0.023139
kuramoto,RBS,0.1163828902277588,0.0074549741964169,0.2173941243685599,0,50,50,0.120045,0.220127,-0.163807,1.315933,0.491264,0.063089
kuramoto,RBS,0.2241753289643009,0.1163828902277588,0.3665486872760534,25,75,50,0.413101,0.207574,0.001822,1.318908,0.450124,0.058521
kuramoto,RBS,0.3729866385877083,0.2241753289643009,0.5093530395759012,50,100,50,0.476133,0.288896,0.250626,1.260902,0.457989,0.068058
kuramoto,RBS,0.509664100855986,0.3729866385877083,0.6894360558400556,75,125,50,0.424096,0.130629,0.164606,1.251464,0.447917,0.069619
kuramoto,RBS,0.7085377720368332,0.509664100855986,0.8663746022534966,100,150,50,0.143117,0.163263,-0.011813,1.288662,0.389236,0.058732
kuramoto,RBS,0.8875405365734814,0.7085377720368332,1.0712556743888717,125,175,50,0.163656,0.097387,-0.055147,1.303665,0.340329,0.04152
kuramoto,RBS,1.0714310776155282,0.8875405365734814,1.218636465787303,150,200,50,0.162592,0.368263,-0.050307,1.375844,0.319697,0.029272
kuramoto,RBS,1.227505076926394,1.0714310776155282,1.3702419584774184,175,225,50,0.092479,0.302684,-0.124851,1.317342,0.287234,0.024275
kuramoto,RBS,1.3714708696949502,1.227505076926394,1.5365764960531412,200,250,50,0.130963,0.287559,-0.09913,1.267724,0.222452,0.013576
kuramoto,RBS,1.5371674361428864,1.3714708696949502,1.6833899758219275,225,275,50,0.335391,0.208945,-0.101598,1.253482,0.217376,0.01149
kuramoto,RBS,1.694804348231293,1.5371674361428864,1.844013894022297,250,300,50,0.067702,0.079495,-0.089698,1.163138,0.210257,0.011606
kuramoto,RBS,1.8581843082019165,1.694804348231293,1.9605655004123608,275,325,50,0.301314,0.189054,0.01764,1.094616,0.193613,0.012021
kuramoto,RBS,1.9729753283201648,1.8581843082019165,2.0960123750698907,300,350,50,0.477106,0.107824,0.168934,1.092851,0.184715,0.013147
kuramoto,RBS,2.0986265256902525,1.9729753283201648,2.2356663232396814,325,375,50,0.250667,0.111147,0.074151,1.09333,0.189677,0.010226
kuramoto,RBS,2.2410089725855253,2.0986265256902525,2.40408204688681,350,400,50,0.094972,0.170615,-0.019256,1.011722,0.187472,0.008867
kuramoto,RBS,2.407847113055374,2.2410089725855253,2.581542059184766,375,425,50,0.238174,0.16176,0.109664,1.037581,0.180693,0.012593
kuramoto,RBS,2.598346550974564,2.407847113055374,2.6869354831003323,400,450,50,0.130888,0.168248,-0.061824,1.037456,0.18015,0.012713
kuramoto,RBS,2.695156394467286,2.598346550974564,2.8662332697154773,425,475,50,0.034414,0.134914,-0.196707,1.012975,0.18126,0.01672
kuramoto,ADI,0.2066043082353645,0.0092692989693927,0.2854480593251245,0,50,50,0.155789,0.397317,0.136786,1.105232,0.287382,0.030554
kuramoto,ADI,0.2876576497475606,0.2066043082353645,0.3479991325218479,25,75,50,0.138183,0.357232,-0.071252,1.061209,0.391894,0.063219
kuramoto,ADI,0.3486508652200765,0.2876576497475606,0.4196853530352292,50,100,50,0.023436,0.146654,-0.117269,1.153127,0.460704,0.075651
kuramoto,ADI,0.422921983030152,0.3486508652200765,0.4727795043317291,75,125,50,0.069865,0.093404,-0.137296,1.156305,0.463765,0.069265
kuramoto,ADI,0.4741941833577421,0.422921983030152,0.516532655422167,100,150,50,0.101525,0.116277,-0.189098,1.199366,0.33349,0.044743
kuramoto,ADI,0.5201405882209452,0.4741941833577421,0.5569657234245449,125,175,50,0.069244,0.182148,-0.164066,1.305427,0.311441,0.039072
kuramoto,ADI,0.562617122004662,0.5201405882209452,0.6084714665761786,150,200,50,0.009453,0.149266,-0.231726,1.3587,0.374365,0.049277
kuramoto,ADI,0.6086110599846204,0.562617122004662,0.645787541275055,175,225,50,0.054383,0.395901,0.078104,1.3163,0.31765,0.031621
kuramoto,ADI,0.6469419922940269,0.6086110599846204,0.6828403814509798,200,250,50,0.264374,0.110392,0.099796,1.31895,0.26857,0.016535
kuramoto,ADI,0.6828848870288962,0.6469419922940269,0.7180267396860179,225,275,50,0.064442,0.09179,-0.093728,1.299933,0.252483,0.012961
kuramoto,ADI,0.7226296086641538,0.6828848870288962,0.7608855574883414,250,300,50,0.014248,0.120798,-0.246134,1.274201,0.23107,0.009315
kuramoto,ADI,0.7625205333513835,0.7226296086641538,0.8139139243644862,275,325,50,0.036946,0.112267,-0.135458,1.304372,0.218597,0.007712
kuramoto,ADI,0.8144043432353834,0.7625205333513835,0.8579738975426583,300,350,50,0.174581,0.129162,-0.084598,1.163793,0.213517,0.010374
kuramoto,ADI,0.8589962691734028,0.8144043432353834,0.8837164394189828,325,375,50,0.208637,0.108363,0.009886,1.086148,0.225273,0.015264
kuramoto,ADI,0.8843969523692287,0.8589962691734028,0.9050544128368264,350,400,50,0.056495,0.154182,-0.146842,1.133972,0.224677,0.016284
kuramoto,ADI,0.9068284361320824,0.8843969523692287,0.9327832947576766,375,425,50,0.218768,0.239621,-0.0531,1.105907,0.209121,0.020107
kuramoto,ADI,0.933270430172642,0.9068284361320824,0.9546651880612316,400,450,50,0.323554,0.04294,0.181142,0.984519,0.207246,0.023138
kuramoto,ADI,0.9559954664004742,0.933270430172642,0.977357189623496,425,475,50,0.151516,0.112195,0.003891,1.052143,0.228388,0.021904
kuramoto,RTP,0.0,0.0,0.0,0,50,50,0.257516,0.085703,0.040016,1.183465,0.280716,0.028299
kuramoto,RTP,0.0,0.0,0.0,25,75,50,0.203106,0.140822,-0.038997,1.202985,0.264955,0.027757
kuramoto,RTP,0.0,0.0,0.0,50,100,50,0.174339,0.107313,-0.104952,1.154325,0.26236,0.022719
kuramoto,RTP,0.0,0.0,0.0,75,125,50,0.052515,0.275272,-0.06819,1.158697,0.403915,0.050663
kuramoto,RTP,0.0,0.0,0.0,100,150,50,0.17382,0.156561,-0.051456,1.211569,0.409714,0.058339
kuramoto,RTP,0.0,0.0,0.0,125,175,50,0.307932,0.172577,0.220037,1.174771,0.262958,0.031475
kuramoto,RTP,0.0,0.0,0.0,150,200,50,0.23928,0.260215,0.156144,1.14613,0.245402,0.023251
kuramoto,RTP,0.0,0.0,0.0,175,225,50,0.084712,0.240862,-0.133552,1.162116,0.239128,0.020694
kuramoto,RTP,0.0,0.0,0.0,200,250,50,0.041844,0.141084,-0.111915,1.237172,0.243408,0.022846
kuramoto,RTP,0.0,0.0,0.0,225,275,50,0.09108,0.071749,-0.166199,1.235999,0.256186,0.021166
kuramoto,RTP,0.0,0.0,0.0,250,300,50,0.119369,0.184797,-0.082045,1.178292,0.252726,0.019414
kuramoto,RTP,0.0,0.0,0.0,275,325,50,0.207368,0.212358,-0.157098,1.147964,0.243448,0.019624
kuramoto,RTP,0.0,0.0,0.0,300,350,50,0.28455,0.157238,0.057202,1.138576,0.305158,0.035475
kuramoto,RTP,0.0,0.0,0.0,325,375,50,0.161064,0.119165,-0.06448,1.177418,0.348149,0.048391
kuramoto,RTP,0.0,0.0,0.0,350,400,50,0.03224,0.063203,-0.185998,1.216326,0.323748,0.044245
kuramoto,RTP,0.0,0.0,0.0,375,425,50,0.160977,0.229429,-0.045957,1.153258,0.30481,0.038208
kuramoto,RTP,0.0,0.0,0.0,400,450,50,0.149292,0.124261,-0.055576,1.064303,0.254536,0.025233
kuramoto,RTP,0.0,0.0,0.0,425,475,50,0.136859,0.158683,-0.041986,1.210613,0.250297,0.022825
kuramoto,SRD,12.0,10.0,15.0,0,50,50,0.122064,0.117589,-0.054023,1.228332,0.219696,0.012423
kuramoto,SRD,15.0,12.0,17.0,25,75,50,0.130033,0.080997,-0.077854,1.240401,0.223704,0.015682
kuramoto,SRD,17.0,15.0,19.0,50,100,50,0.316498,0.215174,0.326895,1.215732,0.219121,0.01588
kuramoto,SRD,19.0,17.0,21.0,75,125,50,0.25271,0.159675,0.102109,1.199601,0.210559,0.015222
kuramoto,SRD,21.0,19.0,23.0,100,150,50,0.1536,0.152754,-0.013679,1.223474,0.216373,0.014043
kuramoto,SRD,23.0,21.0,25.0,125,175,50,0.157038,0.118191,0.067985,1.196519,0.235983,0.014543
kuramoto,SRD,25.0,23.0,26.0,150,200,50,0.156593,0.172709,0.081914,1.186067,0.240382,0.015417
kuramoto,SRD,26.0,25.0,28.0,175,225,50,0.156594,0.077811,0.025078,1.191938,0.236994,0.016423
kuramoto,SRD,29.0,26.0,30.0,200,250,50,0.122663,0.079226,-0.016058,1.214164,0.237595,0.015584
kuramoto,SRD,30.0,29.0,32.0,225,275,50,0.113046,0.104931,0.018707,1.236467,0.256663,0.020007
kuramoto,SRD,32.0,30.0,34.0,250,300,50,0.131276,0.279185,0.068725,1.196666,0.263359,0.030357
kuramoto,SRD,34.0,32.0,36.0,275,325,50,0.066775,0.141785,-0.073311,1.152111,0.313833,0.038936
kuramoto,SRD,36.0,34.0,37.0,300,350,50,0.015431,0.218213,-0.027959,1.100117,0.398966,0.049774
kuramoto,SRD,38.0,36.0,39.0,325,375,50,0.314525,0.354442,-0.107707,1.177055,0.425581,0.058753
kuramoto,SRD,39.0,38.0,41.0,350,400,50,0.40856,0.153672,-0.034229,1.135633,0.356469,0.04875
kuramoto,SRD,41.0,39.0,43.0,375,425,50,0.075569,0.104458,-0.142269,1.108136,0.360875,0.04875
kuramoto,SRD,43.0,41.0,45.0,400,450,50,0.137923,0.061084,-0.174353,1.161503,0.314251,0.038614
kuramoto,SRD,45.0,43.0,47.0,425,475,50,0.168585,0.085691,-0.074805,1.07583,0.310101,0.044752
lotka_volterra,CSR,0.4977826534607719,0.4068232918871396,0.5537050306794381,25,75,50,0.06796,0.0392,-0.173469,1.173203,0.030447,0.000167
lotka_volterra,CSR,0.5578234664527336,0.4977826534607719,0.614911566866264,50,100,50,0.046779,0.017889,-0.233878,1.196755,0.031883,0.000175
lotka_volterra,CSR,0.6178015820235627,0.5578234664527336,0.6810516112336823,75,125,50,0.054307,0.156817,-0.166879,1.157937,0.030223,0.000191
lotka_volterra,CSR,0.6836693075745176,0.6178015820235627,0.7487880117856478,100,150,50,0.005491,0.011164,-0.183673,1.100251,0.032366,0.00026
lotka_volterra,CSR,0.7524559093329116,0.6836693075745176,0.8062219728822814,125,175,50,0.072453,0.042812,-0.087009,1.108829,0.035593,0.000288
lotka_volterra,CSR,0.8071471994569086,0.7524559093329116,0.8686843812127572,150,200,50,0.024207,0.092925,-0.181359,1.107838,0.032295,0.000254
lotka_volterra,CSR,0.8691326728084848,0.8071471994569086,0.9192068858021576,175,225,50,0.068456,0.046508,-0.15195,1.103588,0.029483,0.000272
lotka_volterra,CSR,0.920371708720616,0.8691326728084848,0.9807929835041752,200,250,50,0.06379,0.141312,-0.102041,1.121499,0.029961,0.000332
lotka_volterra,CSR,0.9823581966388948,0.920371708720616,1.0423827851241725,225,275,50,0.068971,0.110875,-0.153061,1.126328,0.032528,0.000321
lotka_volterra,CSR,1.042715593979257,0.9823581966388948,1.1055365260439365,250,300,50,0.079416,0.118501,-0.112245,1.205009,0.032108,0.00026
lotka_volterra,CSR,1.1111952363800737,1.042715593979257,1.2348337910871672,275,325,50,0.101961,0.06143,-5.7e-05,1.246577,0.030073,0.000246
lotka_volterra,CSR,1.2408052136234835,1.1111952363800737,1.356628739326729,300,350,50,0.091981,0.020226,-0.007554,1.234855,0.029082,0.000232
lotka_volterra,CSR,1.3588867959483912,1.2408052136234835,1.4802840552366718,325,375,50,0.049564,0.007113,-0.218432,1.237342,0.02665,0.000169
lotka_volterra,CSR,1.4856722711709935,1.3588867959483912,1.64315788363274,350,400,50,0.03206,0.051727,-0.059336,1.237855,0.025055,0.000141
lotka_volterra,CSR,1.6691883550159483,1.4856722711709935,1.8691657447058283,375,425,50,0.045715,0.034378,-0.160572,1.188782,0.024723,0.000132
lotka_volterra,CSR,1.8818256673625495,1.6691883550159483,2.1419878201545464,400,450,50,0.072428,0.066646,-0.110262,1.109143,0.024812,0.000142
lotka_volterra,CSR,2.143489246264612,1.8818256673625495,2.4761833772588666,425,475,50,0.02439,0.158648,-0.118035,0.978684,0.025933,0.000161
lotka_volterra,RBS,0.0002374283145692,0.0001225408753251,0.0003207008473739,0,50,50,0.088577,0.310432,-0.091837,0.985858,0.030567,0.000326
lotka_volterra,RBS,0.0003222715554138,0.0002374283145692,0.0003966726696825,25,75,50,0.120127,0.192911,-0.071429,0.994808,0.029737,0.000294
lotka_volterra,RBS,0.0004004264910128,0.0003222715554138,0.0004458930221192,50,100,50,0.09362,0.119822,-0.081633,1.031113,0.031147,0.00026
lotka_volterra,RBS,0.0004951730106569,0.0004459349196766,0.0005611326670894,100,150,50,0.058498,0.076648,-0.023452,1.094523,0.031184,0.000254
lotka_volterra,RBS,0.0005612176531191,0.0004951730106569,0.0006155605828122,125,175,50,0.044456,0.145799,-0.035107,1.031412,0.030558,0.000233
lotka_volterra,RBS,0.000617938234581,0.0005612176531191,0.000698010995649,150,200,50,0.08273,0.146161,-0.106802,1.070361,0.029523,0.000199
lotka_volterra,RBS,0.0006989352630103,0.000617938234581,0.000771412220968,175,225,50,0.021503,0.048069,-0.187748,1.100617,0.028242,0.000172
lotka_volterra,RBS,0.0007748417245215,0.0006989352630103,0.0008457903475231,200,250,50,0.024396,0.114242,-0.194311,1.133015,0.028776,0.00018
lotka_volterra,RBS,0.0008468422867579,0.0007748417245215,0.0008866346922037,225,275,50,0.065189,0.12654,-0.147479,1.136383,0.030092,0.000197
lotka_volterra,RBS,0.0008876212479819,0.0008468422867579,0.0009498795277314,250,300,50,0.075171,0.105499,-0.119819,1.195924,0.029611,0.000181
lotka_volterra,RBS,0.0009499602491614,0.0008876212479819,0.0010585148989647,275,325,50,0.04814,0.104121,-0.138434,1.273308,0.028611,0.000146
lotka_volterra,RBS,0.0011638438349111,0.0010610184679482,0.0012338688406457,325,375,50,0.079572,0.151881,-0.142857,1.193388,0.029068,0.000111
lotka_volterra,RBS,0.0012397157535656,0.0011638438349111,0.0013609712896081,350,400,50,0.044695,0.085052,-0.161333,1.241597,0.028118,0.000136
lotka_volterra,RBS,0.0013673997482885,0.0012397157535656,0.0014655295788259,375,425,50,0.138066,0.132204,-0.004568,1.286491,0.028591,0.000169
lotka_volterra,RBS,0.0014698586293538,0.0013673997482885,0.0016600117715782,400,450,50,0.103518,0.181802,0.034773,1.247875,0.030046,0.000209
lotka_volterra,RBS,0.001662227857933,0.0014698586293538,0.0019555351459007,425,475,50,0.101906,0.100078,0.005365,1.200133,0.030109,0.00025
lotka_volterra,ADI,0.5872983912129844,0.4723731199734083,0.6107386063926731,0,50,50,0.098025,0.205843,-0.091837,1.063636,0.035513,0.000466
lotka_volterra,ADI,0.612167413029379,0.5872983912129844,0.6403983925496899,25,75,50,0.196516,0.302619,-0.05102,1.014436,0.033078,0.000366
lotka_volterra,ADI,0.6414398267102878,0.612167413029379,0.6604649439407113,50,100,50,0.21735,0.136602,0.082891,1.024829,0.034158,0.000325
lotka_volterra,ADI,0.6622516111237394,0.6414398267102878,0.6860388272353451,75,125,50,0.094041,0.106848,-0.102041,1.116671,0.033949,0.000272
lotka_volterra,ADI,0.6873134766012531,0.6622516111237394,0.7030642248674563,100,150,50,0.066508,0.003579,-0.142688,1.157745,0.034376,0.000231
lotka_volterra,ADI,0.7039186135368475,0.6873134766012531,0.7236093041487132,125,175,50,0.026585,0.080051,-0.218997,1.1378,0.034072,0.000203
lotka_volterra,ADI,0.7247774654824524,0.7039186135368475,0.7370846590894385,150,200,50,0.075103,0.031791,-0.101693,1.085063,0.031909,0.000175
lotka_volterra,ADI,0.7373199724989135,0.7247774654824524,0.7559750692376708,175,225,50,0.086299,0.102842,-0.129027,1.108486,0.032428,0.00018
lotka_volterra,ADI,0.7563423311264572,0.7373199724989135,0.7678250543970226,200,250,50,0.094013,0.234891,-0.073474,1.123511,0.02991,0.000166
lotka_volterra,ADI,0.76916646171955,0.7563423311264572,0.780831371438555,225,275,50,0.038133,0.232185,-0.049314,1.177892,0.029159,0.000145
lotka_volterra,ADI,0.7809506004974531,0.76916646171955,0.7998096943513542,250,300,50,0.023882,0.04147,-0.043376,1.178834,0.029007,0.000137
lotka_volterra,ADI,0.7998208912567684,0.7809506004974531,0.819452076227079,275,325,50,0.064835,0.175444,-0.092635,1.154135,0.028584,0.000153
lotka_volterra,ADI,0.8194902347543706,0.7998208912567684,0.8366079753497926,300,350,50,0.058855,0.212028,-0.15572,1.118048,0.029307,0.000155
lotka_volterra,ADI,0.8366835734165872,0.8194902347543706,0.8496102897147545,325,375,50,0.08201,0.236371,-0.174585,1.090184,0.028542,0.000146
lotka_volterra,ADI,0.8501831522218536,0.8366835734165872,0.8626446598788786,350,400,50,0.024441,0.055928,-0.154869,1.142604,0.02761,0.000146
lotka_volterra,ADI,0.8634789461255357,0.8501831522218536,0.881322081757289,375,425,50,0.058932,0.141403,0.010414,1.228765,0.027348,0.000137
lotka_volterra,ADI,0.8834341768123051,0.8634789461255357,0.9039986825680116,400,450,50,0.038325,0.15066,-0.174488,1.278585,0.025527,0.000152
lotka_volterra,ADI,0.9044265272255398,0.8834341768123051,0.927084941991,425,475,50,0.029574,0.046976,-0.189612,1.267111,0.021611,0.000169
lotka_volterra,RTP,0.6399616400697731,0.4265766755366947,0.7216966006745047,0,50,50,0.062601,0.054656,-0.163265,1.27165,0.018879,0.000226
lotka_volterra,RTP,0.7270979179359978,0.6399616400697731,0.7599201545484936,25,75,50,0.077453,0.112596,-0.102041,1.280197,0.02238,0.00018
lotka_volterra,RTP,0.7609447364595352,0.7270979179359978,0.773616747376603,50,100,50,0.105661,0.149044,-0.122449,1.283989,0.023142,0.000147
lotka_volterra,RTP,0.7743905457928147,0.7609447364595352,0.7876685917041472,75,125,50,0.077292,0.109296,-0.205156,1.256684,0.025196,0.000142
lotka_volterra,RTP,0.7877848962229024,0.7743905457928147,0.7946142593500035,100,150,50,0.015582,0.110107,-0.157115,1.233235,0.027879,0.000147
lotka_volterra,RTP,0.7948314462139373,0.7877848962229024,0.7993634065978151,125,175,50,0.088555,0.06088,0.005159,1.167581,0.028602,0.00015
lotka_volterra,RTP,0.7994132956782598,0.7948314462139373,0.8055574950732213,150,200,50,0.060813,0.127066,-0.109732,1.144988,0.030504,0.00016
lotka_volterra,RTP,0.8055644283279827,0.7994132956782598,0.8086702015956799,175,225,50,0.019503,0.116719,-0.101509,1.100103,0.03058,0.000158
lotka_volterra,RTP,0.8089413965263483,0.8055644283279827,0.8126742408275076,200,250,50,0.029398,0.014702,-0.142857,1.04501,0.028962,0.000152
lotka_volterra,RTP,0.8126997737892558,0.8089413965263483,0.8166849702448639,225,275,50,0.107028,0.138167,-0.079862,1.134706,0.031467,0.000148
lotka_volterra,RTP,0.8168715347683753,0.8126997737892558,0.8198446542899317,250,300,50,0.144283,0.106253,-0.024067,1.19379,0.033559,0.000183
lotka_volterra,RTP,0.8199478863843181,0.8168715347683753,0.8226236187662584,275,325,50,0.14937,0.153713,-0.150909,1.130176,0.031502,0.00018
lotka_volterra,RTP,0.8229238165518461,0.8199478863843181,0.8269229631318172,300,350,50,0.06274,0.153199,-0.158081,1.112227,0.031695,0.000193
lotka_volterra,RTP,0.8271408056985365,0.8229238165518461,0.830800471465466,325,375,50,0.131337,0.375173,-0.121899,1.081663,0.03208,0.000238
lotka_volterra,RTP,0.8315751523162995,0.8271408056985365,0.8355041904420624,350,400,50,0.074513,0.173043,-0.22669,1.040463,0.031535,0.000271
lotka_volterra,RTP,0.835602016166262,0.8315751523162995,0.8394623680459514,375,425,50,0.079988,0.054473,-0.09365,1.086613,0.032795,0.000288
lotka_volterra,RTP,0.8395255350070633,0.835602016166262,0.8431790535178657,400,450,50,0.138236,0.274305,-0.071429,1.061277,0.03429,0.000291
lotka_volterra,RTP,0.8433262084671324,0.8395255350070633,0.8480072120406287,425,475,50,0.146251,0.213417,-0.061224,1.079501,0.034435,0.000283
lotka_volterra,SRD,2.0,2.0,2.0,0,50,50,0.046117,0.041819,-0.248037,1.127215,0.028409,0.000183
lotka_volterra,SRD,2.0,2.0,2.0,25,75,50,0.024797,0.021004,-0.204082,1.120542,0.028193,0.000185
lotka_volterra,SRD,2.0,2.0,2.0,50,100,50,0.022822,0.026855,-0.196735,1.058832,0.027742,0.0002
lotka_volterra,SRD,2.0,2.0,2.0,75,125,50,0.028728,0.049058,-0.207804,1.112302,0.029689,0.000239
lotka_volterra,SRD,2.0,2.0,2.0,100,150,50,0.08722,0.013656,-0.090296,1.181902,0.030335,0.000211
lotka_volterra,SRD,2.0,2.0,2.0,125,175,50,0.034146,0.090448,-0.161122,1.162046,0.027999,0.000207
lotka_volterra,SRD,2.0,2.0,2.0,150,200,50,0.011221,0.158375,-0.15187,1.14781,0.029791,0.000246
lotka_volterra,SRD,2.0,2.0,2.0,175,225,50,0.064135,0.221659,-0.102041,1.148262,0.030191,0.000205
lotka_volterra,SRD,2.0,2.0,2.0,225,275,50,0.016444,0.016902,-0.204082,1.158204,0.032814,0.0002
lotka_volterra,SRD,2.0,2.0,2.0,250,300,50,0.119146,0.253415,-0.052015,1.160776,0.029179,0.000182
lotka_volterra,SRD,2.0,2.0,2.0,275,325,50,0.073058,0.137645,-0.021275,1.168823,0.027483,0.000185
lotka_volterra,SRD,2.0,2.0,2.0,300,350,50,0.002751,0.039219,-0.186574,1.136337,0.03025,0.000239
lotka_volterra,SRD,2.0,2.0,2.0,325,375,50,0.095267,0.144223,-0.102041,1.161499,0.032116,0.000266
lotka_volterra,SRD,2.0,2.0,2.0,350,400,50,0.096795,0.114944,-0.102041,1.111832,0.030963,0.000245
lotka_volterra,SRD,2.0,2.0,2.0,375,425,50,0.040308,0.064044,-0.173469,1.10368,0.029666,0.000232
lotka_volterra,SRD,2.0,2.0,2.0,400,450,50,0.138635,0.056363,-0.16217,1.197241,0.029826,0.000209
lotka_volterra,SRD,2.0,2.0,2.0,425,475,50,0.182149,0.050247,-0.102992,1.174734,0.028673,0.00021
nonlinear_oscillator,CSR,0.0790371247918199,0.0018894933899087,0.1749787937440733,0,50,50,0.197709,0.293586,-0.052216,0.905941,0.144827,0.004156
nonlinear_oscillator,CSR,0.1750258814526142,0.0790371247918199,0.2743493899635287,25,75,50,0.290586,0.159332,-0.072436,0.959198,0.151122,0.004347
nonlinear_oscillator,CSR,0.2801085178765397,0.1750258814526142,0.3631711393520556,50,100,50,0.301746,0.153217,0.00619,0.867299,0.132601,0.003685
nonlinear_oscillator,CSR,0.3668420162265438,0.2801085178765397,0.447280232920284,75,125,50,0.201975,0.138149,-0.001693,0.805958,0.124103,0.003329
nonlinear_oscillator,CSR,0.4569243143904447,0.3668420162265438,0.539490514813352,100,150,50,0.256117,0.23729,0.039341,0.845702,0.126271,0.003279
nonlinear_oscillator,CSR,0.5401013660582555,0.4569243143904447,0.6373916300992108,125,175,50,0.292763,0.124261,0.02725,0.84368,0.125514,0.003017
nonlinear_oscillator,CSR,0.6381550614646138,0.5401013660582555,0.7275623521237627,150,200,50,0.323599,0.086093,0.146557,0.843993,0.124139,0.002964
nonlinear_oscillator,CSR,0.7354086024173438,0.6381550614646138,0.8014110148813899,175,225,50,0.156751,0.150138,-0.042079,0.803445,0.111588,0.002789
nonlinear_oscillator,CSR,0.8052773754026338,0.7354086024173438,0.9381251104598732,200,250,50,0.090611,0.117282,0.079389,0.769307,0.107256,0.002496
nonlinear_oscillator,CSR,0.9399477208534084,0.8052773754026338,1.0945449264844096,225,275,50,0.173875,0.146782,0.035309,0.738832,0.112804,0.002506
nonlinear_oscillator,CSR,1.1091418169913223,0.9399477208534084,1.228850458194811,250,300,50,0.171413,0.062183,0.024521,0.70176,0.11775,0.00272
nonlinear_oscillator,CSR,1.2429532276402864,1.1091418169913223,1.47061536380365,275,325,50,0.147428,0.284324,0.002187,0.668594,0.114667,0.002411
nonlinear_oscillator,CSR,1.5099425995768223,1.2429532276402864,1.7149073868610818,300,350,50,0.143226,0.129046,-0.020331,0.636318,0.11421,0.002658
nonlinear_oscillator,CSR,1.7347445379189832,1.5099425995768223,2.0721873659303607,325,375,50,0.084098,0.177155,-0.160539,0.65453,0.117966,0.003021
nonlinear_oscillator,CSR,2.073038182540088,1.7347445379189832,2.542058651452109,350,400,50,0.069475,0.09772,-0.100158,0.674435,0.119964,0.002721
nonlinear_oscillator,CSR,2.5472032621848664,2.073038182540088,3.1924250562216265,375,425,50,0.195304,0.121894,0.002299,0.624448,0.122273,0.003288
nonlinear_oscillator,CSR,3.202108111660624,2.5472032621848664,4.984179423285505,400,450,50,0.252659,0.12844,-0.00785,0.586622,0.113573,0.003436
nonlinear_oscillator,CSR,4.991368710312734,3.202108111660624,9.651264827585209,425,475,50,0.396191,0.076687,0.179753,0.631209,0.106897,0.003384
nonlinear_oscillator,RBS,0.0020907283609199,3.688174830149399e-05,0.0050025300990866,0,50,50,0.403128,0.174033,0.136332,0.929263,0.14348,0.004305
nonlinear_oscillator,RBS,0.0050309941470391,0.0020907283609199,0.0090232283373986,25,75,50,0.263287,0.073664,-0.004277,0.896369,0.142618,0.004191
nonlinear_oscillator,RBS,0.0091406473903905,0.0050309941470391,0.0128555215002323,50,100,50,0.386941,0.115267,-0.039767,0.829544,0.143602,0.004807
nonlinear_oscillator,RBS,0.0132672882683341,0.0091406473903905,0.0167707351336064,75,125,50,0.294168,0.08958,0.084869,0.856241,0.143698,0.004791
nonlinear_oscillator,RBS,0.0169687784617174,0.0132672882683341,0.0208546693100563,100,150,50,0.247668,0.049281,0.05953,0.905572,0.141849,0.004145
nonlinear_oscillator,RBS,0.020994830000198,0.0169687784617174,0.0259142991204251,125,175,50,0.481164,0.200175,0.282645,0.910006,0.142865,0.004201
nonlinear_oscillator,RBS,0.0262877528162469,0.020994830000198,0.031217343458765,150,200,50,0.541042,0.144012,0.410221,0.888606,0.140648,0.004
nonlinear_oscillator,RBS,0.0318131265084035,0.0262877528162469,0.0383757224139895,175,225,50,0.291031,0.135187,0.099234,0.866715,0.132845,0.003228
nonlinear_oscillator,RBS,0.038389277773265,0.0318131265084035,0.0447158119803028,200,250,50,0.277485,0.215517,0.02726,0.847776,0.120688,0.002821
nonlinear_oscillator,RBS,0.0451602068671364,0.038389277773265,0.0510009658335553,225,275,50,0.401152,0.091654,0.270788,0.831617,0.121563,0.003497
nonlinear_oscillator,RBS,0.0514574427088897,0.0451602068671364,0.0577644967668813,250,300,50,0.472881,0.093325,0.292482,0.839782,0.116295,0.003171
nonlinear_oscillator,RBS,0.0580541077535515,0.0514574427088897,0.0650989630261003,275,325,50,0.288642,0.175035,0.052801,0.811666,0.106761,0.002254
nonlinear_oscillator,RBS,0.0656675078784257,0.0580541077535515,0.0734740142628521,300,350,50,0.229981,0.239929,0.111522,0.713394,0.102689,0.002048
nonlinear_oscillator,RBS,0.0739393209915149,0.0656675078784257,0.0910280551417549,325,375,50,0.270757,0.110138,0.162173,0.641915,0.100274,0.001866
nonlinear_oscillator,RBS,0.0911744021873126,0.0739393209915149,0.1020131609207277,350,400,50,0.183927,0.085422,0.041203,0.643081,0.100856,0.002597
nonlinear_oscillator,RBS,0.1027507058759107,0.0911744021873126,0.1197729791658169,375,425,50,0.261422,0.025233,-0.006931,0.616572,0.103217,0.003107
nonlinear_oscillator,RBS,0.120132457317797,0.1027507058759107,0.14100849702607,400,450,50,0.487577,0.054141,0.302687,0.514546,0.096578,0.003414
nonlinear_oscillator,RBS,0.1417685087952214,0.120132457317797,0.1645064770410629,425,475,50,0.435977,0.146461,0.283916,0.483866,0.090616,0.00363
nonlinear_oscillator,ADI,0.873988878096393,0.7758237121606522,0.8914390115482805,0,50,50,0.685515,0.094896,0.439026,0.558735,0.081952,0.002739
nonlinear_oscillator,ADI,0.8922244803971262,0.873988878096393,0.9053225563556776,25,75,50,0.690427,0.05407,0.533895,0.497488,0.080288,0.002346
nonlinear_oscillator,ADI,0.905473069747322,0.8922244803971262,0.9145527522385474,50,100,50,0.615086,0.096934,0.39489,0.569708,0.08827,0.002657
nonlinear_oscillator,ADI,0.9152240679107876,0.905473069747322,0.9207070324190176,75,125,50,0.432724,0.124185,0.254716,0.660341,0.098825,0.002789
nonlinear_oscillator,ADI,0.9209372897833218,0.9152240679107876,0.9274090375003624,100,150,50,0.120642,0.313192,0.064424,0.701601,0.109951,0.002305
nonlinear_oscillator,ADI,0.9274285889503217,0.9209372897833218,0.9334325066219404,125,175,50,0.630193,0.135172,0.299786,0.781565,0.111544,0.002276
nonlinear_oscillator,ADI,0.9339138899583924,0.9274285889503217,0.939981084845596,150,200,50,0.494038,0.058684,0.177606,0.844856,0.117089,0.00221
nonlinear_oscillator,ADI,0.9400399338868224,0.9339138899583924,0.9446560982209082,175,225,50,0.236725,0.350847,0.218035,0.834516,0.121954,0.002687
nonlinear_oscillator,ADI,0.944794211483428,0.9400399338868224,0.9487858586442632,200,250,50,0.310837,0.064661,0.2285,0.797839,0.117078,0.002713
nonlinear_oscillator,ADI,0.948841280666963,0.944794211483428,0.9539520120686904,225,275,50,0.447655,0.084816,-0.023514,0.792782,0.125966,0.0038
nonlinear_oscillator,ADI,0.9539681734291952,0.948841280666963,0.9571316023000508,250,300,50,0.371896,0.165231,0.004014,0.78846,0.129522,0.004594
nonlinear_oscillator,ADI,0.9571621351583514,0.9539681734291952,0.96070602353128,275,325,50,0.294091,0.185471,-0.003079,0.772218,0.125707,0.003979
nonlinear_oscillator,ADI,0.9608078916122246,0.9571621351583514,0.9643832181816424,300,350,50,0.352527,0.083323,0.232035,0.778114,0.120843,0.004228
nonlinear_oscillator,ADI,0.9645083720233458,0.9608078916122246,0.97010680848449,325,375,50,0.377355,0.0433,0.194628,0.810077,0.122997,0.004617
nonlinear_oscillator,ADI,0.9701494807915306,0.9645083720233458,0.972931488890844,350,400,50,0.181329,0.025924,0.021563,0.786932,0.13595,0.004568
nonlinear_oscillator,ADI,0.9729634846955596,0.9701494807915306,0.9775994739557814,375,425,50,0.107252,0.166501,-0.084711,0.792389,0.141872,0.004202
nonlinear_oscillator,ADI,0.9778163463975956,0.9729634846955596,0.9821013949764444,400,450,50,0.243636,0.180225,0.123063,0.833205,0.145404,0.004479
nonlinear_oscillator,ADI,0.9821414104095404,0.9778163463975956,0.9872324076293926,425,475,50,0.336474,0.075854,0.144942,0.872632,0.146286,0.004616
nonlinear_oscillator,RTP,0.6798487755383976,0.4176318915537345,0.708003219593126,0,50,50,0.31098,0.064087,0.033538,0.674785,0.134898,0.007495
nonlinear_oscillator,RTP,0.7083565312655122,0.6798487755383976,0.7225029059756694,25,75,50,0.309556,0.042897,0.042148,0.691699,0.134099,0.00539
nonlinear_oscillator,RTP,0.7230636183850356,0.7083565312655122,0.7415990836218718,50,100,50,0.438184,0.062861,0.236374,0.694515,0.120644,0.004849
nonlinear_oscillator,RTP,0.7419439843413386,0.7230636183850356,0.7565386783048903,75,125,50,0.204075,0.130983,0.090107,0.700348,0.124344,0.004352
nonlinear_oscillator,RTP,0.7577352479333406,0.7419439843413386,0.772710298060716,100,150,50,0.149703,0.155638,0.080403,0.729866,0.132543,0.004212
nonlinear_oscillator,RTP,0.7736071809697348,0.7577352479333406,0.7839677959251025,125,175,50,0.263511,0.088409,0.052139,0.704205,0.126242,0.004306
nonlinear_oscillator,RTP,0.7845401997964914,0.7736071809697348,0.7944676584175254,150,200,50,0.23188,0.136246,0.140162,0.644539,0.132176,0.004039
nonlinear_oscillator,RTP,0.7952560845743634,0.7845401997964914,0.8088421608243054,175,225,50,0.403019,0.057632,0.212278,0.665506,0.133774,0.003942
nonlinear_oscillator,RTP,0.8092291034357618,0.7952560845743634,0.8191026493893564,200,250,50,0.501118,0.07293,0.338878,0.703028,0.126178,0.003505
nonlinear_oscillator,RTP,0.819531120094041,0.8092291034357618,0.8310372666429616,225,275,50,0.371365,0.111487,0.212142,0.653032,0.121329,0.002973
nonlinear_oscillator,RTP,0.831476101717606,0.819531120094041,0.8413133814818453,250,300,50,0.464776,0.139906,0.120108,0.731916,0.122201,0.00296
nonlinear_oscillator,RTP,0.8416766080239168,0.831476101717606,0.8535055268445108,275,325,50,0.328934,0.076401,-0.04373,0.839645,0.126637,0.002544
nonlinear_oscillator,RTP,0.8540651408556605,0.8416766080239168,0.8656420481270599,300,350,50,0.228756,0.0463,-0.031986,0.826809,0.118296,0.002298
nonlinear_oscillator,RTP,0.8662335182896354,0.8540651408556605,0.8760989505371748,325,375,50,0.161372,0.097562,-0.160028,0.796564,0.105893,0.001795
nonlinear_oscillator,RTP,0.8775258172230155,0.8662335182896354,0.8905188797149579,350,400,50,0.166136,0.057954,-0.063444,0.901973,0.10624,0.00162
nonlinear_oscillator,RTP,0.8906531784180391,0.8775258172230155,0.9006723602000519,375,425,50,0.043997,0.297704,-0.138114,0.940147,0.105788,0.001823
nonlinear_oscillator,RTP,0.9008948832576028,0.8906531784180391,0.912682661851973,400,450,50,0.150324,0.209933,-0.062477,0.829388,0.099461,0.001883
nonlinear_oscillator,RTP,0.9130501444917724,0.9008948832576028,0.922102733223936,425,475,50,0.162826,0.087498,0.03143,0.81129,0.099529,0.002037
nonlinear_oscillator,SRD,2.0,2.0,2.0,0,50,50,0.315343,0.073691,0.057863,0.768388,0.11979,0.00433
nonlinear_oscillator,SRD,2.0,2.0,2.0,25,75,50,0.378105,0.068072,0.17386,0.778109,0.13136,0.004588
nonlinear_oscillator,SRD,2.0,2.0,2.0,50,100,50,0.279489,0.037549,-0.018606,0.761527,0.126129,0.003478
nonlinear_oscillator,SRD,2.0,2.0,2.0,75,125,50,0.306748,0.079661,0.12501,0.739061,0.11419,0.003118
nonlinear_oscillator,SRD,2.0,2.0,2.0,100,150,50,0.421426,0.058484,0.20784,0.707821,0.119468,0.003758
nonlinear_oscillator,SRD,2.0,2.0,2.0,125,175,50,0.208774,0.168848,0.030538,0.742932,0.128531,0.00384
nonlinear_oscillator,SRD,2.0,2.0,2.0,150,200,50,0.502158,0.142537,0.277315,0.835191,0.120696,0.003611
nonlinear_oscillator,SRD,2.0,2.0,2.0,175,225,50,0.577975,0.091708,0.343037,0.868085,0.128724,0.003416
nonlinear_oscillator,SRD,2.0,2.0,2.0,200,250,50,0.119232,0.324917,0.027398,0.796315,0.124971,0.003671
nonlinear_oscillator,SRD,2.0,2.0,2.0,225,275,50,0.151229,0.207881,0.102048,0.75477,0.110228,0.004185
nonlinear_oscillator,SRD,2.0,2.0,2.0,250,300,50,0.342079,0.047312,0.143521,0.734613,0.115572,0.00382
nonlinear_oscillator,SRD,2.0,2.0,2.0,275,325,50,0.312673,0.052562,0.125483,0.782382,0.126393,0.003487
nonlinear_oscillator,SRD,2.0,2.0,2.0,300,350,50,0.288696,0.085514,0.163662,0.780764,0.121696,0.003222
nonlinear_oscillator,SRD,2.0,2.0,2.0,325,375,50,0.48288,0.096353,0.290137,0.700616,0.113594,0.003412
nonlinear_oscillator,SRD,2.0,2.0,2.0,350,400,50,0.389839,0.106374,0.133416,0.7365,0.122855,0.003718
nonlinear_oscillator,SRD,2.0,2.0,2.0,375,425,50,0.257917,0.085603,0.003809,0.719604,0.115096,0.002873
nonlinear_oscillator,SRD,2.0,2.0,2.0,400,450,50,0.387031,0.164543,0.19653,0.685712,0.105711,0.00232
nonlinear_oscillator,SRD,2.0,2.0,2.0,425,475,50,0.497293,0.06541,0.300407,0.775039,0.115185,0.002871
population,CSR,0.0074363232411426,0.0,0.0074363232411426,0,50,50,0.560678,0.097193,0.068363,0.484136,0.393077,0.031711
population,CSR,0.0074363232411426,0.0074363232411426,0.0148689498176246,25,75,50,0.053963,0.430933,-0.121764,0.440036,0.371724,0.033198
population,CSR,0.0148689498176246,0.0074363232411426,0.0148689498176246,50,100,50,0.323051,0.255052,-0.004146,0.415975,0.299181,0.021521
population,CSR,0.0148689498176246,0.0148689498176246,0.0222978673659729,75,125,50,0.275508,0.177616,-0.027017,0.4458,0.354091,0.030222
population,CSR,0.0222978673659729,0.0148689498176246,0.0222978673659729,100,150,50,0.306896,0.14565,0.068963,0.485848,0.412045,0.046789
population,CSR,0.0222978673659729,0.0222978673659729,0.0260679891074246,125,175,50,0.764792,0.110098,0.027058,0.497459,0.428491,0.054209
population,CSR,0.0260679891074246,0.0222978673659729,0.0297230634397377,150,200,50,0.4693,0.230665,0.144325,0.511062,0.448732,0.068676
population,CSR,0.0297230634397377,0.0260679891074246,0.0356071287434732,175,225,50,0.340972,0.147114,0.092613,0.532067,0.445185,0.068425
population,CSR,0.0356071287434732,0.0297230634397377,0.0384126538970691,200,250,50,0.673387,0.047676,-0.002353,0.551762,0.450209,0.072677
population,CSR,0.0393697698602994,0.0356071287434732,0.0474640421483541,225,275,50,0.449992,0.148114,0.090857,0.580971,0.451476,0.081006
population,CSR,0.0483440189669527,0.0393697698602994,0.0606431930884017,250,300,50,0.146841,0.15722,-0.101039,0.58758,0.441851,0.078387
population,CSR,0.0631377058168131,0.0483440189669527,0.098165814219068,275,325,50,0.270551,0.204824,0.101266,0.619338,0.470378,0.083402
population,CSR,0.0991084634054935,0.0631377058168131,0.251362542386886,300,350,50,0.20271,0.21979,-0.063197,0.805781,0.856771,0.239393
population,CSR,0.2513699853779604,0.0991084634054935,0.2748911837801533,325,375,50,0.089921,0.269064,-0.103587,1.03457,1.254889,0.483418
population,CSR,0.274898728037964,0.2513699853779604,0.311879427801604,350,400,50,0.129991,0.142287,-0.006423,1.158429,1.252679,0.57271
population,CSR,0.313997105368736,0.274898728037964,0.5006212814317244,375,425,50,0.120485,0.170833,-0.158667,1.13684,1.101605,0.489803
population,CSR,0.5008733160421697,0.313997105368736,0.8093944389099863,400,450,50,0.055851,0.084591,-0.171116,1.001238,0.804908,0.31259
population,CSR,0.80975575521169,0.5008733160421697,0.8660768252246331,425,475,50,0.014424,0.275905,-0.136426,0.907833,0.559659,0.196774
population,RBS,0.0859705070271412,0.0034548444077904,0.1501560192297963,0,50,50,0.14397,0.193215,-0.105046,0.497369,0.414928,0.070416
population,RBS,0.1521438919146831,0.0859705070271412,0.2394246813561795,25,75,50,0.511055,0.143626,0.361463,0.590442,0.429649,0.056796
population,RBS,0.2421686379765222,0.1521438919146831,0.328894765354998,50,100,50,0.679093,0.076523,0.276044,0.650384,0.521157,0.061105
population,RBS,0.3416842960968029,0.2421686379765222,0.3985556875440972,75,125,50,0.55872,0.080864,0.267103,0.554438,0.524393,0.067009
population,RBS,0.3989767978294125,0.3416842960968029,0.4776795790108967,100,150,50,0.562467,0.190803,0.079574,0.495363,0.501143,0.065431
population,RBS,0.4836692072546045,0.3989767978294125,0.5650424565889889,125,175,50,0.373876,0.150863,0.200541,0.715188,0.871732,0.187851
population,RBS,0.5662029303568863,0.4836692072546045,0.6740374419569051,150,200,50,0.294332,0.178452,0.13685,0.861138,0.99551,0.278373
population,RBS,0.6760240194718743,0.5662029303568863,0.7455520311195791,175,225,50,0.278593,0.213059,-0.030653,0.851529,0.810827,0.277108
population,RBS,0.7523424237516281,0.6760240194718743,0.8315138994681215,200,250,50,0.09183,0.03431,-0.044964,0.911342,0.899457,0.389402
population,RBS,0.8368685551721935,0.7523424237516281,0.91410230762306,225,275,50,0.261517,0.06952,-0.00298,0.946133,0.974719,0.421278
population,RBS,0.9167362444370022,0.8368685551721935,1.001112594999619,250,300,50,0.264874,0.154494,0.115515,0.838543,0.823287,0.323507
population,RBS,1.0033163037983583,0.9167362444370022,1.099327092860848,275,325,50,0.228709,0.247456,-0.004314,0.774124,0.656465,0.232981
population,RBS,1.1026674935407086,1.0033163037983583,1.1855084937903309,300,350,50,0.287931,0.15278,0.149262,0.752867,0.560539,0.155015
population,RBS,1.191108060831953,1.1026674935407086,1.2726512981242122,325,375,50,0.37731,0.164852,0.250569,0.692611,0.455901,0.130311
population,RBS,1.2737587936602457,1.191108060831953,1.375525933516539,350,400,50,0.343657,0.090982,0.16359,0.769531,0.462646,0.157171
population,RBS,1.3943245492201632,1.2737587936602457,1.4720345274251567,375,425,50,0.295,0.051844,0.076896,0.59073,0.333151,0.107894
population,RBS,1.4738172827413047,1.3943245492201632,1.6037393859343514,400,450,50,0.280806,0.205958,0.016456,0.373167,0.202353,0.030354
population,RBS,1.604985438602923,1.4738172827413047,1.8203352736112408,425,475,50,0.465474,0.247665,0.11221,0.466567,0.285614,0.022368
population,ADI,0.2318373883368306,0.0173441580122418,0.3729985131139317,0,50,50,0.427733,0.236875,0.28633,0.62806,0.568456,0.161456
population,ADI,0.3790050875124655,0.2318373883368306,0.4990348160366957,25,75,50,0.517024,0.224816,0.332265,0.64133,0.553068,0.155562
population,ADI,0.4991725298510002,0.3790050875124655,0.6368980764335005,50,100,50,0.481804,0.131794,0.309957,0.718994,0.593321,0.143143
population,ADI,0.641338249475058,0.4991725298510002,0.7188293445561473,75,125,50,0.55397,0.078224,0.358601,0.793627,0.631105,0.134883
population,ADI,0.7226382096707539,0.641338249475058,0.8047900902820386,100,150,50,0.432425,0.048968,0.28089,0.816138,0.588648,0.126104
population,ADI,0.805123228993706,0.7226382096707539,0.8642586002742364,125,175,50,0.495818,0.10606,0.338073,0.689426,0.454441,0.080684
population,ADI,0.8657347905636097,0.805123228993706,0.9076319968803708,150,200,50,0.683582,0.072167,0.354795,0.652791,0.399386,0.046121
population,ADI,0.907770591952029,0.8657347905636097,0.9245061532988602,175,225,50,0.312708,0.048083,0.119049,0.684961,0.452503,0.079851
population,ADI,0.9252146402394718,0.907770591952029,0.9475690800770208,200,250,50,0.258473,0.143121,0.09138,0.673209,0.490926,0.091749
population,ADI,0.9477351126449935,0.9252146402394718,0.9589285915527014,225,275,50,0.262516,0.317898,0.001121,0.624919,0.431998,0.053914
population,ADI,0.9592682230919496,0.9477351126449935,0.972353988313712,250,300,50,0.625829,0.145555,0.064441,0.516123,0.381864,0.030817
population,ADI,0.9723571386206395,0.9592682230919496,0.9805299906887776,275,325,50,0.559739,0.09689,0.380688,0.50658,0.422516,0.051033
population,ADI,0.9807323748577356,0.9723571386206395,0.986261281955394,300,350,50,0.4081,0.178336,0.291238,0.571023,0.454604,0.070902
population,ADI,0.986458599455154,0.9807323748577356,0.991218960579736,325,375,50,0.225239,0.274522,0.113437,0.661269,0.551962,0.122762
population,ADI,0.9912841827509624,0.986458599455154,0.9952836003066312,350,400,50,0.177237,0.35327,0.247367,0.713358,0.637634,0.1874
population,ADI,0.99532134855482,0.9912841827509624,0.9980228270592076,375,425,50,0.188514,0.250663,0.10013,0.70941,0.65004,0.255885
population,ADI,0.9980435902962812,0.99532134855482,0.9988955432169762,400,450,50,0.13199,0.243997,-0.143679,0.693767,0.687476,0.382133
population,ADI,0.9989699293242226,0.9980435902962812,0.9996541466738276,425,475,50,0.151288,0.232865,-0.05836,0.681514,0.757403,0.385279
population,RTP,0.7457124133451644,0.6851017996179221,0.8024720472282124,0,50,50,0.16958,0.113611,0.040862,1.184904,1.581615,0.867201
population,RTP,0.8045610796784988,0.7457124133451644,0.8487577037490641,25,75,50,0.064209,0.191237,-0.106762,1.211681,1.256546,0.418468
population,RTP,0.8506240387489831,0.8045610796784988,0.8819256219192493,50,100,50,0.038674,0.071133,-0.188536,1.027661,0.834963,0.174401
population,RTP,0.884258794319983,0.8506240387489831,0.9271459386064516,75,125,50,0.23674,0.131427,0.036758,0.851241,0.586613,0.084968
population,RTP,0.9318004162189456,0.884258794319983,0.9383437300705898,100,150,50,0.351944,0.205203,0.233446,0.743371,0.445915,0.087973
population,RTP,0.93848585598089,0.9318004162189456,0.9519962221802176,125,175,50,0.230494,0.298661,-0.028589,0.773987,0.44169,0.100595
population,RTP,0.9521402973489728,0.93848585598089,0.9623426421785664,150,200,50,0.407763,0.115979,0.268218,0.653476,0.372892,0.064502
population,RTP,0.963158464083796,0.9521402973489728,0.9691810176546642,175,225,50,0.613784,0.110792,0.480318,0.48419,0.283237,0.027132
population,RTP,0.9692956184066468,0.963158464083796,0.975576678435354,200,250,50,0.375521,0.265346,0.205426,0.496222,0.309151,0.020572
population,RTP,0.975589332198502,0.9692956184066468,0.9807638457817036,225,275,50,0.341335,0.466248,0.131618,0.477743,0.298269,0.019496
population,RTP,0.9808217639844234,0.975589332198502,0.9846452648596278,250,300,50,0.388926,0.414807,-0.038889,0.465993,0.335686,0.032601
population,RTP,0.985040810125322,0.9808217639844234,0.9877265336904292,275,325,50,0.542139,0.146842,-0.011913,0.433849,0.349615,0.040217
population,RTP,0.9877924417552812,0.985040810125322,0.9903889300737944,300,350,50,0.60235,0.168664,-0.063749,0.431326,0.340491,0.046794
population,RTP,0.9904419303497676,0.9877924417552812,0.9930089754472252,325,375,50,0.588449,0.248166,-0.013421,0.484394,0.409808,0.076425
population,RTP,0.9931164073239508,0.9904419303497676,0.9951478803390104,350,400,50,0.615141,0.248103,0.035732,0.605287,0.518464,0.094286
population,RTP,0.9951995687903922,0.9931164073239508,0.9971329228553668,375,425,50,0.869184,0.093915,-0.032508,0.610918,0.516165,0.08728
population,RTP,0.9971464922936604,0.9951995687903922,0.9981328416395538,400,450,50,0.769702,0.175533,-0.059701,0.525755,0.476957,0.091761
population,RTP,0.998210896575691,0.9971464922936604,0.99903779662492,425,475,50,0.408271,0.275055,-0.01866,0.499144,0.464569,0.084657
population,SRD,0.6796647263887594,0.5014766396101547,0.895014561397077,0,50,50,0.130087,0.111459,-0.124764,0.498426,0.306866,0.019671
population,SRD,0.8962606140656486,0.6796647263887594,1.0720273885576257,25,75,50,0.510762,0.150465,0.344499,0.442139,0.284543,0.025109
population,SRD,1.0736044179922146,0.8962606140656486,1.3506212116643652,50,100,50,0.338034,0.196059,0.186581,0.406061,0.303666,0.062821
population,SRD,1.374626763621488,1.0736044179922146,1.5439974397746197,75,125,50,0.274548,0.243148,0.009585,0.502799,0.409187,0.089416
population,SRD,1.5502564599818798,1.374626763621488,1.7409799915190087,100,150,50,0.352111,0.105143,-0.023963,0.533485,0.406894,0.062521
population,SRD,1.7544479688804209,1.5502564599818798,1.90790756938413,125,175,50,0.208081,0.118375,0.012792,0.555344,0.411467,0.046356
population,SRD,1.921907351383648,1.7544479688804209,2.109180809332289,150,200,50,0.074688,0.145516,-0.13741,0.467683,0.449478,0.054494
population,SRD,2.113344339123829,1.921907351383648,2.3020490185400804,175,225,50,0.038281,0.100404,-0.220345,0.473024,0.512691,0.06133
population,SRD,2.306495267341841,2.113344339123829,2.4546531031591705,200,250,50,0.192209,0.136878,-0.02,0.579647,0.509076,0.066091
population,SRD,2.454801021556169,2.306495267341841,2.607258262424469,225,275,50,0.336148,0.186948,-0.065779,0.529904,0.439198,0.07478
population,SRD,2.609353744947985,2.454801021556169,2.764625086274876,250,300,50,0.316538,0.314865,0.165242,0.521104,0.401574,0.060547
population,SRD,2.777490976699224,2.609353744947985,2.914681399265145,275,325,50,0.432866,0.099462,0.106346,0.586511,0.455598,0.058526
population,SRD,2.9305480255876826,2.777490976699224,3.050125935306629,300,350,50,0.361585,0.159848,0.126394,0.794419,0.784587,0.142926
population,SRD,3.0507881878552583,2.9305480255876826,3.240941220116545,325,375,50,0.146776,0.145802,0.000347,1.068998,1.218399,0.408308
population,SRD,3.252342423751628,3.0507881878552583,3.399569106114564,350,400,50,0.031631,0.232219,-0.116883,1.191469,1.382699,0.650136
population,SRD,3.399952834815212,3.252342423751628,3.5359692293414544,375,425,50,0.079016,0.047684,-0.189455,1.125946,1.178407,0.569409
population,SRD,3.5417143418103825,3.399952834815212,3.69507027613076,400,450,50,0.056682,0.183773,-0.18385,0.948822,0.788459,0.313879
population,SRD,3.697347190067112,3.5417143418103825,3.850493672197818,425,475,50,0.027146,0.229678,-0.201747,0.91086,0.545324,0.186754
replicator,CSR,1.0,1.0,1.0,0,50,50,0.162409,0.000506,-0.007593,1.147249,0.05659,0.069818
replicator,CSR,1.0,1.0,1.0,25,75,50,0.032962,0.10328,-0.160356,1.20286,0.064971,0.080378
replicator,CSR,1.0,1.0,1.0,50,100,50,0.086472,0.111335,-0.054912,1.164666,0.063466,0.094143
replicator,CSR,1.0,1.0,1.0,75,125,50,0.212856,0.0346,0.051453,1.097698,0.05729,0.082862
replicator,CSR,1.0,1.0,1.0,100,150,50,0.306691,0.0,0.148492,1.13917,0.056068,0.047412
replicator,CSR,1.0,1.0,1.3333333333333333,125,175,50,0.018115,0.008597,-0.043483,1.097535,0.048286,0.003453
replicator,CSR,1.3333333333333333,1.0,1.3333333333333333,150,200,50,0.220062,0.239315,-0.029331,1.237154,0.075985,0.099274
replicator,CSR,1.3333333333333333,1.3333333333333333,1.3333333333333333,175,225,50,0.318393,0.014111,0.174193,1.395534,0.073619,0.098722
replicator,CSR,1.3333333333333333,1.3333333333333333,1.3333333333333333,200,250,50,0.205868,0.0,0.025764,1.353722,0.049655,0.021354
replicator,CSR,1.3333333333333333,1.3333333333333333,1.3333333333333333,225,275,50,0.313632,0.0,0.064765,1.348217,0.06347,0.048074
replicator,CSR,1.3333333333333333,1.3333333333333333,1.3333333333333333,250,300,50,0.351038,0.02973,0.093349,1.362607,0.072393,0.107595
replicator,CSR,1.3333333333333333,1.3333333333333333,1.3333333333333333,275,325,50,0.036404,0.00636,-0.015567,1.333922,0.079857,0.174365
replicator,CSR,1.6666666666666667,1.3333333333333333,1.6666666666666667,300,350,50,0.023468,0.138855,-0.0977,1.16182,0.078814,0.161927
replicator,CSR,1.6666666666666667,1.6666666666666667,1.6666666666666667,325,375,50,0.422484,0.292725,0.098303,1.064917,0.084026,0.159147
replicator,CSR,1.6666666666666667,1.6666666666666667,1.6666666666666667,350,400,50,0.229107,0.001598,-0.002537,1.070815,0.06262,0.091592
replicator,CSR,1.6666666666666667,1.6666666666666667,1.6666666666666667,375,425,50,0.100633,-0.0,0.057755,1.081314,0.043084,0.042526
replicator,CSR,1.6666666666666667,1.6666666666666667,1.6666666666666667,400,450,50,0.188413,0.0,0.146373,1.028078,0.041787,0.042479
replicator,CSR,1.6666666666666667,1.6666666666666667,1.6666666666666667,425,475,50,0.249114,0.325541,0.023447,1.099956,0.073397,0.100379
replicator,RBS,0.0150735112203807,0.0060358008769758,0.0258644090133036,0,50,50,0.127105,0.058505,-0.065194,1.02914,0.066133,0.021754
replicator,RBS,0.0262801328361188,0.0150735112203807,0.0321843405475228,25,75,50,0.068555,0.037082,-0.101219,1.288128,0.079274,0.006963
replicator,RBS,0.0325970560918548,0.0262801328361188,0.0391271594652971,50,100,50,0.087474,0.018498,-0.066474,1.300497,0.09118,0.005142
replicator,RBS,0.0395592556316974,0.0325970560918548,0.0446946126621115,75,125,50,0.029637,0.075421,-0.13467,1.02347,0.095759,0.00315
replicator,RBS,0.0447453696260295,0.0395592556316974,0.051599857049004,100,150,50,0.006117,0.039472,-0.165053,0.920989,0.083137,0.002354
replicator,RBS,0.0517984537171523,0.0447453696260295,0.0582513253427148,125,175,50,0.036364,0.005162,-0.129724,1.158692,0.072511,0.002229
replicator,RBS,0.0583705504713919,0.0517984537171523,0.0654052315567918,150,200,50,0.06623,0.076118,-0.152742,1.224263,0.06946,0.00198
replicator,RBS,0.0662261008670294,0.0583705504713919,0.0791186956405715,175,225,50,0.072976,0.062838,-0.141421,1.151951,0.052014,0.001174
replicator,RBS,0.0792396752313156,0.0662261008670294,0.0903172358296337,200,250,50,0.067853,0.028062,-0.154359,1.058551,0.05082,0.04187
replicator,RBS,0.0911485701779413,0.0792396752313156,0.1145409154146992,225,275,50,0.114896,0.015079,-0.091942,0.980774,0.045151,0.061896
replicator,RBS,0.1145600471805597,0.0911485701779413,0.1520663035706192,250,300,50,0.363845,0.043197,-0.175895,1.436452,0.035384,0.041252
replicator,RBS,0.153913405255339,0.1145600471805597,0.2027039894473626,275,325,50,0.18867,0.101495,-0.070025,1.379568,0.047464,0.118588
replicator,RBS,0.218756217783668,0.153913405255339,0.3487605359914072,300,350,50,0.160864,0.110258,-0.145996,0.980846,0.067793,0.199799
replicator,RBS,0.3497523864064819,0.218756217783668,0.5442855899239846,325,375,50,0.098828,0.312541,-0.149188,1.26671,0.085867,0.240311
replicator,RBS,0.5701955040358208,0.3497523864064819,0.6242436561562418,350,400,50,0.032284,0.103941,-0.197309,1.214278,0.085435,0.24929
replicator,RBS,0.6262130986217159,0.5701955040358208,0.686620101503167,375,425,50,0.030595,0.059138,-0.173263,0.928517,0.089595,0.2263
replicator,RBS,0.6876829415966139,0.6262130986217159,0.7157966349169896,400,450,50,0.018772,0.067853,-0.172511,1.038686,0.084165,0.268434
replicator,RBS,0.7162394182112164,0.6876829415966139,0.9148786049545626,425,475,50,0.168683,0.010806,-0.096697,1.315727,0.039525,0.179047
replicator,ADI,0.0,0.0,0.0,0,50,50,0.131528,0.030014,-0.019131,1.077672,0.047772,0.001747
replicator,ADI,0.0,0.0,0.0,25,75,50,0.177188,0.003034,0.029672,1.118221,0.043453,0.001603
replicator,ADI,0.0,0.0,0.0,50,100,50,0.203106,0.011491,-0.017979,1.217671,0.039906,0.001355
replicator,ADI,0.0,0.0,0.0,75,125,50,0.266823,0.082309,0.055863,1.133874,0.03627,0.001236
replicator,ADI,0.0,0.0,0.0,100,150,50,0.254598,0.003887,0.127889,1.088908,0.037939,0.001805
replicator,ADI,0.0,0.0,0.0,125,175,50,0.189013,0.109569,0.181841,1.173703,0.043971,0.002635
replicator,ADI,0.0,0.0,0.0,150,200,50,0.026657,0.011357,-0.171081,1.072095,0.037365,0.001922
replicator,ADI,0.0,0.0,0.0,175,225,50,0.187565,0.080537,0.040771,1.002886,0.035017,0.001847
replicator,ADI,0.0,0.0,0.0,200,250,50,0.152713,0.033226,-0.037822,1.080485,0.038566,0.002375
replicator,ADI,0.0,0.0,0.0,225,275,50,0.102691,0.02043,-0.076191,1.228914,0.038891,0.001619
replicator,ADI,0.0,0.0,0.0,250,300,50,0.352323,0.072316,0.084724,1.272704,0.03948,0.001499
replicator,ADI,0.0,0.0,0.0,275,325,50,0.125062,0.060595,-0.052288,1.133546,0.0431,0.001862
replicator,ADI,0.0,0.0,0.0,300,350,50,0.15788,0.066435,0.005914,1.121311,0.050724,0.002077
replicator,ADI,0.0,0.0,0.0,325,375,50,0.450314,0.074553,0.100892,1.206513,0.045062,0.001696
replicator,ADI,0.0,0.0,0.0,350,400,50,0.308959,0.027081,0.056352,1.127696,0.038472,0.001655
replicator,ADI,0.0,0.0,0.0,375,425,50,0.139,0.016003,-0.046872,1.146057,0.044637,0.002069
replicator,ADI,0.0,0.0,0.0,400,450,50,0.221134,0.061487,0.024581,1.267556,0.048688,0.00253
replicator,ADI,0.0,0.0,0.9989995135262788,425,475,50,0.382666,0.194856,0.164193,1.405867,0.117319,0.262506
replicator,RTP,0.0,0.0,0.0,0,50,50,0.131528,0.030014,-0.019131,1.077672,0.047772,0.001747
replicator,RTP,0.0,0.0,0.0,25,75,50,0.177188,0.003034,0.029672,1.118221,0.043453,0.001603
replicator,RTP,0.0,0.0,0.0,50,100,50,0.203106,0.011491,-0.017979,1.217671,0.039906,0.001355
replicator,RTP,0.0,0.0,0.0,75,125,50,0.266823,0.082309,0.055863,1.133874,0.03627,0.001236
replicator,RTP,0.0,0.0,0.0,100,150,50,0.254598,0.003887,0.127889,1.088908,0.037939,0.001805
replicator,RTP,0.0,0.0,0.0,125,175,50,0.189013,0.109569,0.181841,1.173703,0.043971,0.002635
replicator,RTP,0.0,0.0,0.0,150,200,50,0.026657,0.011357,-0.171081,1.072095,0.037365,0.001922
replicator,RTP,0.0,0.0,0.0,175,225,50,0.187565,0.080537,0.040771,1.002886,0.035017,0.001847
replicator,RTP,0.0,0.0,0.0,200,250,50,0.152713,0.033226,-0.037822,1.080485,0.038566,0.002375
replicator,RTP,0.0,0.0,0.0,225,275,50,0.102691,0.02043,-0.076191,1.228914,0.038891,0.001619
replicator,RTP,0.0,0.0,0.0,250,300,50,0.352323,0.072316,0.084724,1.272704,0.03948,0.001499
replicator,RTP,0.0,0.0,0.0,275,325,50,0.125062,0.060595,-0.052288,1.133546,0.0431,0.001862
replicator,RTP,0.0,0.0,0.0,300,350,50,0.15788,0.066435,0.005914,1.121311,0.050724,0.002077
replicator,RTP,0.0,0.0,0.0,325,375,50,0.433632,0.215875,0.078563,1.172316,0.047659,0.001907
replicator,RTP,0.0,0.0,0.0,350,400,50,0.245538,0.049241,0.014262,1.12924,0.038889,0.001407
replicator,RTP,0.0,0.0,0.0,375,425,50,0.245626,0.0795,0.030694,1.220421,0.038502,0.001593
replicator,RTP,0.0,0.0,0.0,400,450,50,0.381999,0.034456,0.252195,1.252877,0.044416,0.002924
replicator,RTP,0.0,0.0,0.7559629065203106,425,475,50,0.216383,0.503804,-0.043885,1.315901,0.132565,0.277359
replicator,SRD,3.0,3.0,3.0,0,50,50,0.162409,0.000506,-0.007593,1.147249,0.05659,0.069818
replicator,SRD,3.0,3.0,3.0,25,75,50,0.032962,0.10328,-0.160356,1.20286,0.064971,0.080378
replicator,SRD,3.0,3.0,3.0,50,100,50,0.086472,0.111335,-0.054912,1.164666,0.063466,0.094143
replicator,SRD,3.0,3.0,3.0,75,125,50,0.212856,0.0346,0.051453,1.097698,0.05729,0.082862
replicator,SRD,3.0,3.0,3.0,100,150,50,0.306691,0.0,0.148492,1.13917,0.056068,0.047412
replicator,SRD,3.0,3.0,4.0,125,175,50,0.018115,0.008597,-0.043483,1.097535,0.048286,0.003453
replicator,SRD,4.0,3.0,4.0,150,200,50,0.220062,0.239315,-0.029331,1.237154,0.075985,0.099274
replicator,SRD,4.0,4.0,4.0,175,225,50,0.318393,0.014111,0.174193,1.395534,0.073619,0.098722
replicator,SRD,4.0,4.0,4.0,200,250,50,0.205868,0.0,0.025764,1.353722,0.049655,0.021354
replicator,SRD,4.0,4.0,4.0,225,275,50,0.313632,0.0,0.064765,1.348217,0.06347,0.048074
replicator,SRD,4.0,4.0,4.0,250,300,50,0.351038,0.02973,0.093349,1.362607,0.072393,0.107595
replicator,SRD,4.0,4.0,4.0,275,325,50,0.036404,0.00636,-0.015567,1.333922,0.079857,0.174365
replicator,SRD,5.0,4.0,5.0,300,350,50,0.023468,0.138855,-0.0977,1.16182,0.078814,0.161927
replicator,SRD,5.0,5.0,5.0,325,375,50,0.422484,0.292725,0.098303,1.064917,0.084026,0.159147
replicator,SRD,5.0,5.0,5.0,350,400,50,0.229107,0.001598,-0.002537,1.070815,0.06262,0.091592
replicator,SRD,5.0,5.0,5.0,375,425,50,0.100633,-0.0,0.057755,1.081314,0.043084,0.042526
replicator,SRD,5.0,5.0,5.0,400,450,50,0.188413,0.0,0.146373,1.028078,0.041787,0.042479
replicator,SRD,5.0,5.0,5.0,425,475,50,0.249114,0.325541,0.023447,1.099956,0.073397,0.100379
