system_id,sat_mc2,sat_mc3,sat_mc4,viable,fertile,stability,fertility_index,mc2_score,mc3_score,mc4_score,em_OC2,em_OC1,em_CD1,em_IC1,em_IS1,em_IS2,em_CD2,em_EC1,em_SR1,mech_M01,mech_M02,mech_M03,mech_M04,mech_M05,mech_M06,mech_M07,mech_M08,via_C,via_P,via_G,via_R,via_S,fer_SR,fer_NP,fer_RC,fer_RD,fer_OE
0,True,True,False,False,False,0.602,0.714,0.733,0.867,0.328,0.556,0.6,0.478,1.0,1.0,0.5,0.596,0.374,0.441,0.0,0.0,0.56,0.102,0.045,0.5,0.0,0.5,0.523,0.68,0.748,0.603,0.46,0.711,0.898,0.495,0.544,0.92
1,True,False,False,False,False,0.671,0.728,0.868,0.35,0.453,1.0,0.5,0.469,0.875,0.897,0.5,0.44,0.536,0.336,0.0,1.0,0.42,0.089,0.033,0.5,0.0,0.0,0.633,0.85,0.806,0.529,0.447,0.738,0.98,0.336,0.647,0.94
2,True,False,True,False,False,0.642,0.726,0.854,0.283,0.517,1.0,0.6,0.342,0.818,0.974,0.5,0.633,0.56,0.427,0.0,1.0,0.14,0.417,0.024,0.5,0.0,0.0,0.53,0.88,0.772,0.515,0.542,0.725,0.986,0.393,0.574,0.951
3,True,False,False,False,False,0.624,0.659,0.873,0.217,0.245,1.0,0.5,0.337,0.712,0.974,0.5,0.306,0.271,0.3,1.0,1.0,0.28,0.186,0.042,0.5,0.0,0.0,0.541,0.85,0.785,0.482,0.29,0.779,0.975,0.273,0.31,0.957
4,True,True,False,False,False,0.621,0.619,0.873,0.7,0.229,0.8,0.5,0.407,1.0,0.974,0.5,0.217,0.212,0.0,1.0,0.5,0.72,0.381,0.015,0.5,0.0,0.0,0.549,0.7,0.83,0.614,0.15,0.753,0.991,0.327,0.064,0.957
5,True,True,False,False,False,0.576,0.743,0.916,0.567,0.348,1.0,0.3,0.378,0.391,0.974,0.5,0.556,0.37,0.3,1.0,0.0,0.42,0.358,0.046,0.0,0.8,0.5,0.615,0.565,0.783,0.549,0.405,0.87,0.972,0.541,0.362,0.97
6,True,True,False,False,False,0.519,0.789,0.918,0.567,0.386,1.0,0.3,0.471,0.659,0.974,0.5,0.662,0.443,0.509,0.0,0.0,0.56,0.198,0.02,0.0,0.0,0.5,0.669,0.34,0.826,0.547,0.528,0.848,0.988,0.555,0.585,0.97
7,True,False,False,True,False,0.767,0.525,0.558,0.283,0.447,1.0,0.75,0.714,0.833,0.641,0.5,0.557,0.483,0.35,0.0,1.0,0.965,0.3,0.124,0.5,0.0,0.0,0.775,0.925,0.477,0.603,0.465,0.458,0.7,0.344,0.528,0.596
8,True,False,False,True,False,0.806,0.528,0.611,0.217,0.312,1.0,0.65,0.702,0.827,0.333,0.5,0.334,0.285,0.3,1.0,1.0,0.665,0.297,0.232,0.5,0.0,0.0,0.863,0.895,0.637,0.659,0.304,0.417,0.786,0.372,0.316,0.75
9,True,False,False,False,False,0.687,0.728,0.9,0.283,0.376,1.0,0.45,0.546,0.401,1.0,0.5,0.505,0.437,0.303,0.0,1.0,0.665,0.183,0.037,0.5,0.0,0.0,0.705,0.835,0.759,0.522,0.417,0.837,0.978,0.357,0.499,0.97
10,True,True,False,False,False,0.64,0.676,0.773,0.833,0.328,0.857,0.75,0.403,1.0,0.872,0.5,0.446,0.374,0.441,0.0,0.5,0.58,0.102,0.032,0.5,0.0,0.0,0.524,0.775,0.749,0.621,0.415,0.602,0.981,0.367,0.522,0.906
11,True,False,False,True,False,0.78,0.585,0.763,0.217,0.369,1.0,0.7,0.589,0.562,0.333,0.5,0.35,0.324,0.3,1.0,1.0,0.28,0.393,0.121,0.5,0.0,0.0,0.756,0.91,0.642,0.675,0.325,0.448,0.927,0.432,0.324,0.796
12,True,False,False,False,False,0.707,0.528,0.53,0.35,0.467,1.0,0.75,0.528,0.792,0.846,0.5,0.45,0.545,0.345,0.0,1.0,0.72,0.112,0.079,0.5,0.0,0.0,0.647,0.925,0.389,0.55,0.456,0.517,0.653,0.288,0.653,0.528
13,True,True,False,False,False,0.651,0.628,0.864,0.733,0.084,1.0,0.55,0.508,0.441,0.923,0.5,0.213,0.056,0.0,1.0,0.0,0.42,0.14,0.043,0.5,0.0,0.5,0.664,0.665,0.719,0.624,0.086,0.748,0.974,0.433,0.04,0.944
14,True,False,True,False,False,0.731,0.697,0.772,0.283,0.503,1.0,0.65,0.595,0.907,0.923,0.5,0.622,0.551,0.418,0.0,1.0,0.965,0.394,0.054,0.5,0.0,0.0,0.741,0.895,0.74,0.557,0.532,0.675,0.968,0.359,0.568,0.916
15,True,True,False,False,False,0.623,0.589,0.833,0.7,0.18,1.0,0.5,0.292,0.74,0.821,0.5,0.157,0.15,0.0,1.0,0.5,0.14,0.3,0.076,0.5,0.0,0.0,0.55,0.7,0.753,0.618,0.107,0.689,0.955,0.342,0.046,0.914
16,True,True,True,True,True,0.743,0.672,0.598,0.933,0.593,0.875,0.6,0.62,0.938,0.462,0.5,0.695,0.629,0.629,0.0,0.0,0.665,0.322,0.185,0.5,0.0,1.0,0.828,0.68,0.6,0.72,0.649,0.519,0.739,0.642,0.787,0.672
17,True,False,False,False,False,0.641,0.678,0.8,0.283,0.308,1.0,0.55,0.352,0.915,0.974,0.5,0.431,0.361,0.227,0.0,1.0,0.58,0.069,0.022,0.5,0.0,0.0,0.561,0.865,0.765,0.498,0.342,0.715,0.987,0.298,0.454,0.935
18,True,True,True,False,False,0.51,0.828,0.89,0.66,0.597,1.0,0.3,0.262,0.416,1.0,0.5,0.743,0.691,0.691,0.0,0.0,0.14,0.328,0.042,0.0,0.0,0.5,0.477,0.55,0.751,0.504,0.707,0.823,0.975,0.551,0.822,0.967
19,True,True,False,False,False,0.531,0.802,0.899,0.867,0.482,1.0,0.2,0.239,0.282,0.974,0.5,0.756,0.537,0.603,0.0,0.0,0.14,0.358,0.057,0.5,0.0,0.5,0.495,0.56,0.744,0.538,0.623,0.848,0.966,0.59,0.642,0.965
20,True,False,False,False,False,0.678,0.628,0.847,0.217,0.165,1.0,0.7,0.449,0.63,0.897,0.5,0.224,0.188,0.3,1.0,1.0,0.72,0.053,0.049,0.5,0.0,0.0,0.612,0.91,0.736,0.511,0.232,0.712,0.971,0.237,0.285,0.934
21,True,False,False,False,False,0.607,0.657,0.883,0.217,0.159,0.643,0.55,0.372,0.75,1.0,0.5,0.219,0.184,0.3,1.0,1.0,0.42,0.043,0.032,0.5,0.0,0.0,0.463,0.865,0.802,0.492,0.229,0.797,0.981,0.257,0.284,0.965
22,True,False,True,False,False,0.69,0.548,0.542,0.35,0.667,0.75,0.8,0.529,1.0,0.795,1.0,0.645,0.738,0.538,0.0,1.0,0.72,0.445,0.042,0.5,0.0,0.0,0.567,0.94,0.43,0.564,0.65,0.415,0.675,0.36,0.769,0.522
23,True,False,False,False,False,0.679,0.653,0.844,0.217,0.388,1.0,0.7,0.42,0.559,0.846,0.5,0.436,0.396,0.3,1.0,1.0,0.58,0.424,0.039,0.5,0.0,0.0,0.595,0.91,0.713,0.534,0.379,0.68,0.977,0.335,0.348,0.922
24,True,True,False,False,False,0.587,0.784,0.87,0.933,0.435,1.0,0.5,0.329,0.906,0.974,0.5,0.576,0.523,0.523,0.0,0.0,0.28,0.058,0.035,0.5,0.0,0.5,0.555,0.65,0.817,0.556,0.539,0.767,0.979,0.495,0.722,0.956
25,True,True,False,True,False,0.741,0.592,0.805,0.7,0.311,1.0,0.65,0.597,0.961,0.821,0.5,0.278,0.267,0.0,1.0,0.5,0.56,0.518,0.071,0.5,0.0,0.0,0.771,0.745,0.756,0.707,0.19,0.629,0.957,0.389,0.082,0.906
26,True,False,True,False,False,0.571,0.714,0.728,0.35,0.653,0.429,0.7,0.251,1.0,0.923,0.5,0.635,0.729,0.529,0.0,1.0,0.14,0.422,0.026,0.5,0.0,0.0,0.305,0.91,0.732,0.499,0.641,0.622,0.909,0.371,0.763,0.903
27,True,True,True,False,False,0.638,0.815,0.86,0.66,0.667,1.0,0.4,0.553,0.62,0.846,0.5,0.795,0.738,0.738,0.0,0.0,0.56,0.445,0.043,0.0,0.0,0.5,0.727,0.58,0.749,0.609,0.755,0.717,0.974,0.607,0.851,0.927
28,True,True,False,False,False,0.615,0.757,0.867,0.9,0.444,0.833,0.65,0.365,0.854,0.974,0.5,0.433,0.529,0.529,0.0,0.5,0.28,0.074,0.031,0.5,0.0,0.0,0.497,0.745,0.8,0.602,0.501,0.757,0.981,0.39,0.703,0.955
29,True,False,True,False,False,0.587,0.775,0.881,0.35,0.612,1.0,0.3,0.296,0.386,1.0,0.5,0.604,0.701,0.501,0.0,1.0,0.14,0.353,0.044,0.5,0.0,0.0,0.492,0.79,0.733,0.48,0.612,0.807,0.974,0.383,0.746,0.964
30,True,True,False,False,False,0.593,0.644,0.893,0.5,0.046,1.0,0.4,0.393,0.528,1.0,0.5,0.184,0.03,0.0,1.0,0.0,0.42,0.076,0.044,0.0,0.0,0.5,0.626,0.595,0.777,0.559,0.067,0.829,0.974,0.416,0.032,0.968
31,True,False,True,False,False,0.734,0.661,0.729,0.283,0.526,1.0,0.7,0.605,1.0,0.769,0.5,0.639,0.566,0.433,0.0,1.0,0.56,0.432,0.015,0.5,0.0,0.0,0.719,0.91,0.728,0.574,0.548,0.566,0.916,0.374,0.577,0.872
32,True,True,False,False,False,0.598,0.765,0.913,0.833,0.387,1.0,0.35,0.346,0.366,1.0,0.5,0.513,0.444,0.51,0.0,0.5,0.28,0.201,0.034,0.5,0.0,0.0,0.55,0.655,0.768,0.589,0.484,0.859,0.979,0.447,0.563,0.974
33,True,False,False,False,False,0.635,0.658,0.876,0.217,0.174,1.0,0.5,0.337,0.604,0.974,0.5,0.231,0.194,0.3,1.0,1.0,0.28,0.069,0.055,0.5,0.0,0.0,0.561,0.85,0.775,0.495,0.237,0.799,0.967,0.281,0.287,0.958
34,True,True,False,False,False,0.585,0.491,0.636,0.733,0.037,0.857,0.65,0.355,1.0,0.974,0.5,0.177,0.024,0.0,1.0,0.0,0.28,0.061,0.013,0.5,0.0,0.5,0.499,0.695,0.563,0.562,0.063,0.639,0.767,0.332,0.03,0.686
35,True,True,True,False,False,0.701,0.612,0.571,0.9,0.641,1.0,0.7,0.515,1.0,0.974,0.5,0.626,0.721,0.721,0.0,0.5,0.56,0.402,0.016,0.5,0.0,0.0,0.701,0.76,0.458,0.644,0.692,0.576,0.69,0.411,0.818,0.566
36,True,False,True,True,False,0.862,0.682,0.652,0.35,0.734,1.0,0.85,0.707,0.481,0.41,1.0,0.64,0.752,0.552,0.0,1.0,0.665,0.556,0.247,1.0,0.0,0.0,0.929,0.955,0.583,0.704,0.659,0.475,0.852,0.528,0.775,0.778
37,True,False,False,False,False,0.618,0.601,0.728,0.217,0.271,0.857,0.7,0.307,1.0,0.923,0.5,0.325,0.288,0.3,1.0,1.0,0.14,0.229,0.033,0.5,0.0,0.0,0.45,0.91,0.735,0.493,0.303,0.628,0.905,0.256,0.315,0.903
38,True,True,False,False,False,0.734,0.531,0.719,0.7,0.189,0.571,0.65,0.645,1.0,0.487,0.5,0.142,0.126,0.0,1.0,0.5,0.665,0.315,0.135,0.5,0.0,0.0,0.702,0.745,0.724,0.755,0.093,0.481,0.919,0.401,0.04,0.813
39,True,True,False,False,False,0.653,0.759,0.854,0.633,0.404,1.0,0.55,0.534,0.905,1.0,0.5,0.675,0.455,0.521,0.0,0.0,0.665,0.229,0.038,0.0,0.0,0.5,0.732,0.64,0.796,0.588,0.541,0.747,0.977,0.523,0.593,0.956
40,True,True,False,False,False,0.603,0.649,0.85,0.767,0.181,1.0,0.55,0.278,0.975,0.949,0.5,0.235,0.198,0.3,1.0,0.5,0.14,0.079,0.031,0.5,0.0,0.0,0.507,0.715,0.8,0.587,0.24,0.715,0.981,0.316,0.288,0.945
41,True,True,False,False,False,0.573,0.777,0.879,0.633,0.407,1.0,0.4,0.35,0.653,1.0,0.5,0.678,0.457,0.524,0.0,0.0,0.28,0.234,0.04,0.0,0.0,0.5,0.57,0.595,0.781,0.554,0.543,0.797,0.976,0.552,0.594,0.964
42,True,True,False,False,False,0.641,0.557,0.718,0.7,0.27,1.0,0.65,0.334,1.0,0.846,0.5,0.247,0.24,0.0,1.0,0.5,0.44,0.45,0.04,0.5,0.0,0.0,0.55,0.745,0.725,0.627,0.17,0.593,0.901,0.336,0.073,0.885
43,False,False,True,False,False,0.794,0.353,0.133,0.35,0.698,0.2,0.95,0.68,0.3,0.026,1.0,0.55,0.699,0.499,0.0,1.0,0.665,0.497,0.777,1.0,0.0,0.0,0.663,0.985,0.115,0.735,0.594,0.199,0.174,0.532,0.737,0.125
44,True,False,True,True,False,0.805,0.67,0.625,0.35,0.821,1.0,0.95,0.55,0.562,0.256,1.0,0.73,0.84,0.64,0.0,1.0,0.28,0.701,0.198,1.0,0.0,0.0,0.761,0.985,0.587,0.67,0.747,0.425,0.806,0.55,0.828,0.739
45,True,True,True,False,False,0.597,0.77,0.777,0.9,0.644,0.667,0.6,0.34,0.944,0.974,0.5,0.628,0.723,0.723,0.0,0.5,0.58,0.407,0.048,0.5,0.0,0.0,0.451,0.73,0.751,0.611,0.694,0.695,0.971,0.437,0.819,0.928
46,True,False,False,False,False,0.614,0.659,0.869,0.217,0.203,1.0,0.4,0.227,0.557,0.949,0.5,0.253,0.213,0.3,1.0,1.0,0.14,0.117,0.053,0.5,0.0,0.0,0.53,0.82,0.754,0.492,0.251,0.776,0.968,0.308,0.293,0.95
47,True,True,False,False,False,0.648,0.691,0.906,0.767,0.246,1.0,0.4,0.472,0.569,0.949,0.5,0.307,0.272,0.3,1.0,0.5,0.56,0.188,0.035,0.5,0.0,0.0,0.663,0.67,0.8,0.61,0.291,0.832,0.979,0.372,0.31,0.962
48,True,True,False,False,False,0.704,0.571,0.766,0.733,0.16,1.0,0.45,0.526,0.497,0.538,0.5,0.27,0.107,0.0,1.0,0.0,0.56,0.266,0.181,0.5,0.0,0.5,0.8,0.635,0.662,0.679,0.124,0.574,0.891,0.497,0.056,0.837
49,True,False,False,False,False,0.725,0.406,0.553,0.15,0.354,1.0,0.85,0.346,0.844,0.513,0.5,0.31,0.296,0.0,1.0,1.0,0.44,0.589,0.113,0.5,0.0,0.0,0.634,0.955,0.466,0.585,0.211,0.322,0.707,0.342,0.091,0.568
50,True,True,False,False,False,0.601,0.664,0.919,0.733,0.124,1.0,0.4,0.397,0.421,0.974,0.5,0.265,0.112,0.0,1.0,0.0,0.42,0.206,0.035,0.5,0.0,0.5,0.614,0.62,0.789,0.568,0.124,0.866,0.979,0.45,0.057,0.971
51,True,True,True,True,True,0.696,0.786,0.869,0.867,0.533,1.0,0.55,0.627,0.527,0.872,0.5,0.795,0.571,0.638,0.0,0.0,0.665,0.445,0.042,0.5,0.0,0.5,0.772,0.665,0.744,0.65,0.658,0.742,0.975,0.616,0.663,0.935
52,True,False,False,False,False,0.651,0.602,0.705,0.217,0.296,0.857,0.65,0.362,1.0,0.949,0.5,0.345,0.305,0.3,1.0,1.0,0.28,0.272,0.065,0.5,0.0,0.0,0.536,0.895,0.719,0.521,0.316,0.621,0.886,0.28,0.321,0.901
53,True,False,False,False,False,0.547,0.628,0.678,0.35,0.452,0.333,0.7,0.261,1.0,0.949,0.5,0.439,0.535,0.335,0.0,1.0,0.14,0.086,0.008,0.5,0.0,0.0,0.245,0.91,0.637,0.487,0.446,0.574,0.845,0.282,0.646,0.793
54,True,True,False,False,False,0.569,0.749,0.874,0.867,0.288,1.0,0.4,0.327,0.432,0.974,0.5,0.566,0.348,0.414,0.0,0.0,0.28,0.036,0.061,0.5,0.0,0.5,0.541,0.62,0.741,0.546,0.433,0.801,0.964,0.496,0.528,0.957
55,True,False,True,False,False,0.637,0.72,0.843,0.283,0.52,1.0,0.55,0.314,0.975,0.949,0.5,0.635,0.562,0.429,0.0,1.0,0.14,0.422,0.044,0.5,0.0,0.0,0.533,0.865,0.798,0.512,0.544,0.715,0.973,0.396,0.575,0.943
56,True,False,False,False,False,0.62,0.379,0.552,0.15,0.178,0.25,0.8,0.457,1.0,0.795,0.5,0.156,0.149,0.0,1.0,1.0,0.72,0.297,0.027,0.5,0.0,0.0,0.368,0.94,0.437,0.55,0.106,0.421,0.684,0.218,0.046,0.525
57,True,True,False,False,False,0.608,0.509,0.631,0.5,0.233,0.857,0.65,0.469,1.0,0.923,0.5,0.37,0.216,0.0,1.0,0.0,0.72,0.389,0.013,0.0,0.0,0.5,0.576,0.67,0.556,0.579,0.197,0.614,0.767,0.401,0.088,0.674
58,True,False,False,False,False,0.688,0.684,0.838,0.283,0.328,1.0,0.65,0.435,0.769,0.974,0.5,0.446,0.374,0.241,0.0,1.0,0.42,0.102,0.049,0.5,0.0,0.0,0.641,0.895,0.751,0.528,0.355,0.717,0.971,0.324,0.462,0.946
59,True,True,False,False,False,0.643,0.65,0.726,0.767,0.383,1.0,0.55,0.384,0.981,1.0,0.5,0.433,0.393,0.3,1.0,0.5,0.28,0.417,0.054,0.5,0.0,0.0,0.59,0.715,0.74,0.623,0.377,0.707,0.892,0.386,0.347,0.918
60,True,True,False,False,False,0.613,0.75,0.924,0.567,0.356,1.0,0.35,0.489,0.394,1.0,0.5,0.562,0.375,0.3,1.0,0.0,0.56,0.371,0.032,0.0,0.0,0.5,0.683,0.58,0.788,0.576,0.409,0.879,0.981,0.551,0.364,0.977
61,True,True,False,False,False,0.615,0.753,0.864,0.9,0.441,1.0,0.7,0.286,0.792,0.974,0.5,0.431,0.527,0.527,0.0,0.5,0.14,0.069,0.024,0.5,0.0,0.0,0.501,0.76,0.78,0.585,0.498,0.745,0.985,0.38,0.702,0.954
62,True,False,False,False,False,0.756,0.559,0.616,0.283,0.427,1.0,0.95,0.489,0.612,0.436,1.0,0.52,0.44,0.307,0.0,1.0,0.58,0.266,0.108,0.5,0.0,0.0,0.68,0.985,0.522,0.604,0.424,0.433,0.785,0.403,0.503,0.672
63,False,False,False,False,False,0.764,0.367,0.394,0.217,0.434,0.75,0.9,0.689,0.625,0.436,1.0,0.47,0.427,0.3,1.0,1.0,0.965,0.501,0.297,0.5,0.0,0.0,0.705,0.97,0.288,0.618,0.402,0.291,0.497,0.333,0.358,0.355
64,True,False,False,False,False,0.747,0.417,0.573,0.15,0.335,1.0,0.9,0.463,0.667,0.205,1.0,0.296,0.284,0.0,1.0,1.0,0.58,0.559,0.186,0.5,0.0,0.0,0.675,0.97,0.512,0.596,0.202,0.319,0.738,0.327,0.087,0.613
65,False,False,False,False,False,0.89,0.354,0.382,0.15,0.466,1.0,0.95,0.62,0.321,0.077,1.0,0.33,0.371,0.0,1.0,1.0,0.665,0.777,0.44,1.0,0.0,0.0,0.971,0.985,0.293,0.715,0.247,0.304,0.497,0.461,0.105,0.401
66,True,True,False,False,False,0.557,0.765,0.858,0.567,0.428,1.0,0.4,0.544,0.567,0.923,0.5,0.694,0.471,0.538,0.0,0.0,0.56,0.269,0.054,0.0,0.0,0.5,0.712,0.37,0.742,0.59,0.558,0.748,0.968,0.565,0.603,0.942
67,True,False,False,False,False,0.698,0.5,0.662,0.15,0.23,0.857,0.7,0.593,1.0,0.923,0.5,0.218,0.214,0.0,1.0,1.0,0.86,0.384,0.05,0.5,0.0,0.0,0.633,0.91,0.635,0.552,0.151,0.614,0.82,0.219,0.065,0.783
68,True,False,False,False,False,0.67,0.738,0.873,0.35,0.443,0.917,0.45,0.49,0.917,1.0,0.5,0.432,0.528,0.328,0.0,1.0,0.56,0.071,0.03,0.5,0.0,0.0,0.649,0.835,0.821,0.526,0.439,0.777,0.982,0.327,0.643,0.962
69,True,False,False,False,False,0.626,0.573,0.834,0.15,0.242,0.625,0.75,0.389,1.0,0.846,0.5,0.227,0.222,0.0,1.0,1.0,0.28,0.404,0.028,0.5,0.0,0.0,0.432,0.925,0.782,0.519,0.157,0.65,0.983,0.245,0.067,0.919
70,True,False,False,True,False,0.871,0.509,0.691,0.15,0.446,1.0,0.95,0.719,0.333,0.256,1.0,0.33,0.358,0.0,1.0,1.0,0.56,0.744,0.238,1.0,0.0,0.0,0.906,0.985,0.559,0.721,0.242,0.409,0.846,0.448,0.103,0.736
71,True,False,False,False,False,0.703,0.647,0.764,0.283,0.44,1.0,0.6,0.394,0.741,0.538,0.5,0.53,0.449,0.316,0.0,1.0,0.14,0.289,0.153,0.5,0.0,0.0,0.634,0.88,0.694,0.594,0.433,0.542,0.908,0.44,0.508,0.837
72,True,False,False,False,False,0.778,0.494,0.656,0.15,0.358,1.0,0.75,0.506,0.429,0.205,1.0,0.24,0.269,0.0,1.0,1.0,0.14,0.597,0.207,1.0,0.0,0.0,0.728,0.925,0.564,0.68,0.179,0.394,0.863,0.423,0.076,0.713
73,True,False,False,False,False,0.719,0.588,0.873,0.15,0.059,1.0,0.5,0.609,0.407,0.923,0.5,0.045,0.04,0.0,1.0,1.0,0.665,0.099,0.05,0.5,0.0,0.0,0.744,0.85,0.729,0.561,0.029,0.774,0.97,0.238,0.013,0.947
74,True,False,False,False,False,0.691,0.598,0.666,0.283,0.44,1.0,0.75,0.441,1.0,0.897,0.5,0.553,0.479,0.346,0.0,1.0,0.58,0.29,0.016,0.5,0.0,0.0,0.604,0.925,0.624,0.544,0.461,0.505,0.84,0.34,0.525,0.779
75,True,False,False,False,False,0.685,0.537,0.641,0.217,0.423,0.8,0.8,0.46,1.0,0.718,0.5,0.462,0.42,0.3,1.0,1.0,0.58,0.483,0.058,0.5,0.0,0.0,0.55,0.94,0.61,0.565,0.397,0.443,0.815,0.335,0.356,0.736
76,True,False,False,False,False,0.624,0.743,0.895,0.283,0.474,1.0,0.45,0.359,0.424,1.0,0.5,0.601,0.532,0.398,0.0,1.0,0.28,0.346,0.038,0.5,0.0,0.0,0.547,0.835,0.756,0.49,0.512,0.827,0.977,0.388,0.556,0.968
77,True,False,False,False,False,0.655,0.487,0.646,0.15,0.082,1.0,0.65,0.365,0.797,0.897,0.5,0.062,0.055,0.0,1.0,1.0,0.44,0.137,0.076,0.5,0.0,0.0,0.542,0.895,0.585,0.528,0.04,0.638,0.804,0.202,0.017,0.773
78,True,True,False,False,False,0.647,0.594,0.854,0.7,0.134,1.0,0.5,0.442,0.93,0.923,0.5,0.123,0.119,0.0,1.0,0.5,0.42,0.224,0.043,0.5,0.0,0.0,0.624,0.7,0.803,0.618,0.085,0.728,0.974,0.29,0.036,0.941
79,True,False,False,False,False,0.71,0.687,0.818,0.283,0.45,1.0,0.65,0.497,0.984,0.872,0.5,0.56,0.485,0.352,0.0,1.0,0.42,0.305,0.048,0.5,0.0,0.0,0.673,0.895,0.766,0.561,0.468,0.646,0.971,0.37,0.529,0.92
80,True,True,True,False,False,0.663,0.635,0.652,0.9,0.565,0.6,0.75,0.545,1.0,0.718,0.5,0.546,0.64,0.64,0.0,0.5,0.56,0.274,0.043,0.5,0.0,0.0,0.555,0.775,0.617,0.659,0.612,0.449,0.824,0.395,0.77,0.739
81,True,False,False,False,False,0.715,0.442,0.511,0.217,0.36,1.0,0.85,0.511,1.0,0.744,0.5,0.393,0.348,0.3,1.0,1.0,0.44,0.378,0.106,0.5,0.0,0.0,0.597,0.955,0.418,0.594,0.347,0.401,0.636,0.336,0.334,0.502
82,True,True,False,False,False,0.575,0.689,0.894,0.767,0.255,1.0,0.35,0.287,0.47,0.974,0.5,0.314,0.278,0.3,1.0,0.5,0.14,0.203,0.038,0.5,0.0,0.0,0.492,0.655,0.765,0.579,0.295,0.819,0.977,0.373,0.312,0.963
83,True,False,False,False,False,0.631,0.672,0.897,0.217,0.181,1.0,0.4,0.367,0.587,1.0,0.5,0.235,0.198,0.3,1.0,1.0,0.28,0.079,0.034,0.5,0.0,0.0,0.567,0.82,0.789,0.505,0.24,0.827,0.98,0.298,0.288,0.969
84,True,True,False,False,False,0.703,0.738,0.848,0.833,0.495,1.0,0.6,0.566,0.802,0.897,0.5,0.617,0.546,0.612,0.0,0.5,0.965,0.381,0.059,0.5,0.0,0.0,0.734,0.73,0.777,0.646,0.587,0.724,0.965,0.444,0.625,0.934
85,True,True,True,False,False,0.629,0.666,0.627,0.9,0.642,0.857,0.65,0.376,1.0,1.0,0.5,0.627,0.722,0.722,0.0,0.5,0.28,0.404,0.024,0.5,0.0,0.0,0.525,0.745,0.557,0.617,0.693,0.641,0.761,0.423,0.819,0.688
86,True,True,True,False,False,0.665,0.804,0.846,0.933,0.67,0.875,0.6,0.544,1.0,0.872,0.5,0.797,0.74,0.74,0.0,0.0,0.86,0.45,0.012,0.5,0.0,0.5,0.68,0.68,0.791,0.635,0.757,0.666,0.993,0.581,0.853,0.928
87,True,False,True,False,False,0.612,0.708,0.741,0.35,0.552,0.571,0.7,0.367,1.0,1.0,0.5,0.537,0.632,0.432,0.0,1.0,0.28,0.254,0.012,0.5,0.0,0.0,0.411,0.91,0.744,0.515,0.543,0.657,0.918,0.337,0.705,0.922
88,True,False,False,False,False,0.731,0.577,0.648,0.217,0.421,1.0,0.75,0.538,1.0,0.897,0.5,0.461,0.419,0.3,1.0,1.0,0.42,0.48,0.077,0.5,0.0,0.0,0.688,0.925,0.629,0.58,0.396,0.604,0.804,0.349,0.355,0.774
89,True,False,False,False,False,0.728,0.541,0.78,0.15,0.166,1.0,0.7,0.388,0.731,0.564,0.5,0.124,0.111,0.0,1.0,1.0,0.58,0.277,0.159,0.5,0.0,0.0,0.686,0.91,0.718,0.588,0.082,0.588,0.905,0.329,0.035,0.847
90,True,False,False,True,False,0.786,0.54,0.737,0.15,0.236,1.0,0.85,0.59,0.918,0.692,0.5,0.2,0.187,0.0,1.0,1.0,0.56,0.394,0.087,0.5,0.0,0.0,0.786,0.955,0.709,0.615,0.135,0.53,0.948,0.303,0.058,0.859
91,True,True,True,True,False,0.745,0.725,0.718,0.9,0.702,1.0,0.6,0.586,0.844,0.564,0.5,0.671,0.761,0.761,0.0,0.5,0.965,0.503,0.136,0.5,0.0,0.0,0.807,0.73,0.692,0.698,0.734,0.542,0.918,0.493,0.843,0.828
92,True,False,True,True,False,0.818,0.59,0.514,0.35,0.804,0.857,0.7,0.719,0.888,0.359,0.5,0.73,0.829,0.629,0.0,1.0,0.665,0.673,0.231,0.5,0.0,0.0,0.852,0.91,0.479,0.693,0.739,0.428,0.637,0.539,0.823,0.526
93,True,False,False,True,False,0.764,0.646,0.714,0.283,0.364,1.0,0.7,0.671,1.0,0.923,0.5,0.473,0.398,0.265,0.0,1.0,0.665,0.162,0.045,0.5,0.0,0.0,0.782,0.91,0.722,0.599,0.381,0.612,0.898,0.342,0.477,0.899
94,True,False,False,False,False,0.779,0.532,0.685,0.15,0.293,1.0,0.95,0.474,0.63,0.487,1.0,0.24,0.225,0.0,1.0,1.0,0.58,0.488,0.215,0.5,0.0,0.0,0.723,0.985,0.642,0.63,0.162,0.531,0.871,0.383,0.07,0.803
95,True,True,False,True,False,0.694,0.635,0.712,0.567,0.389,1.0,0.7,0.683,1.0,0.846,0.5,0.587,0.397,0.3,1.0,0.0,0.665,0.427,0.035,0.0,0.0,0.5,0.761,0.685,0.714,0.637,0.425,0.537,0.904,0.481,0.371,0.883
96,False,False,False,False,False,0.885,0.31,0.317,0.15,0.378,1.0,0.95,0.758,0.429,0.077,1.0,0.24,0.282,0.0,1.0,1.0,0.56,0.63,0.539,1.0,0.0,0.0,0.928,0.985,0.287,0.743,0.185,0.302,0.409,0.435,0.078,0.325
97,True,True,False,True,False,0.69,0.617,0.858,0.733,0.065,1.0,0.65,0.573,0.942,0.923,0.5,0.199,0.044,0.0,1.0,0.0,0.665,0.109,0.037,0.5,0.0,0.5,0.75,0.695,0.808,0.625,0.077,0.73,0.978,0.402,0.036,0.942
98,True,False,False,False,False,0.359,0.624,0.878,0.489,0.018,0.933,0.35,0.266,0.627,1.0,0.5,0.164,0.012,0.0,1.0,0.0,0.14,0.03,0.033,0.0,0.0,0.5,0.452,0.338,0.771,0.288,0.054,0.789,0.98,0.362,0.026,0.963
99,False,True,False,False,False,0.836,0.486,0.427,0.833,0.484,1.0,0.85,0.775,0.643,0.308,1.0,0.55,0.479,0.545,0.0,0.5,0.665,0.363,0.328,0.5,0.0,0.0,0.903,0.805,0.378,0.8,0.52,0.379,0.536,0.528,0.584,0.404
100,True,False,False,False,False,0.72,0.638,0.794,0.217,0.42,0.778,0.55,0.606,0.87,0.821,0.5,0.46,0.418,0.3,1.0,1.0,0.665,0.478,0.107,0.5,0.0,0.0,0.703,0.865,0.739,0.592,0.395,0.641,0.936,0.358,0.355,0.902
101,True,False,False,False,False,0.758,0.523,0.621,0.217,0.412,1.0,0.8,0.64,1.0,0.667,0.5,0.454,0.413,0.3,1.0,1.0,0.86,0.465,0.101,0.5,0.0,0.0,0.739,0.94,0.603,0.594,0.391,0.43,0.79,0.323,0.353,0.72
102,True,False,False,False,False,0.665,0.772,0.936,0.283,0.48,1.0,0.35,0.467,0.339,1.0,0.5,0.605,0.536,0.402,0.0,1.0,0.56,0.356,0.036,0.5,0.0,0.0,0.674,0.805,0.796,0.516,0.517,0.908,0.979,0.435,0.558,0.981
103,True,False,False,True,False,0.737,0.56,0.794,0.15,0.268,1.0,0.4,0.57,0.406,0.59,0.5,0.224,0.209,0.0,1.0,1.0,0.42,0.447,0.118,0.5,0.0,0.0,0.758,0.82,0.652,0.633,0.151,0.583,0.929,0.365,0.065,0.856
104,True,True,False,False,False,0.657,0.747,0.85,0.833,0.489,1.0,0.6,0.45,0.792,1.0,0.5,0.612,0.542,0.608,0.0,0.5,0.42,0.371,0.052,0.5,0.0,0.0,0.623,0.73,0.775,0.618,0.583,0.753,0.969,0.436,0.622,0.955
105,True,True,False,False,False,0.375,0.768,0.903,0.613,0.294,1.0,0.4,0.244,0.618,1.0,0.5,0.571,0.352,0.418,0.0,0.0,0.14,0.046,0.034,0.0,0.0,0.5,0.487,0.35,0.804,0.287,0.437,0.839,0.98,0.518,0.53,0.971
106,False,False,False,False,False,0.857,0.236,0.213,0.15,0.478,0.667,0.95,0.68,0.5,0.026,1.0,0.33,0.379,0.0,0.5,1.0,0.665,0.797,0.644,1.0,0.0,0.0,0.85,0.985,0.187,0.735,0.251,0.124,0.28,0.466,0.106,0.202
107,True,False,False,True,False,0.79,0.486,0.666,0.15,0.193,0.857,0.8,0.626,0.796,0.385,0.5,0.145,0.129,0.0,1.0,1.0,0.56,0.322,0.12,0.5,0.0,0.0,0.776,0.94,0.652,0.654,0.095,0.43,0.853,0.33,0.041,0.777
108,True,True,False,False,False,0.553,0.783,0.86,0.633,0.455,1.0,0.45,0.54,0.553,0.949,0.5,0.591,0.537,0.537,0.0,0.0,0.56,0.091,0.047,0.0,0.0,0.5,0.695,0.385,0.738,0.578,0.553,0.751,0.972,0.516,0.73,0.948
109,True,False,False,False,False,0.724,0.496,0.594,0.217,0.277,1.0,0.7,0.673,0.612,0.795,0.5,0.33,0.292,0.3,1.0,1.0,0.56,0.239,0.052,0.5,0.0,0.0,0.693,0.91,0.447,0.57,0.306,0.541,0.744,0.239,0.317,0.637
110,True,True,False,False,False,0.562,0.783,0.894,0.867,0.398,1.0,0.45,0.274,0.571,1.0,0.5,0.671,0.451,0.517,0.0,0.0,0.14,0.219,0.033,0.5,0.0,0.5,0.501,0.635,0.782,0.549,0.537,0.821,0.98,0.553,0.59,0.968
111,True,False,False,False,False,0.748,0.471,0.599,0.15,0.309,1.0,0.8,0.543,0.918,0.846,0.5,0.277,0.266,0.0,1.0,1.0,0.72,0.516,0.063,0.5,0.0,0.0,0.709,0.94,0.52,0.595,0.19,0.577,0.737,0.309,0.082,0.649
112,True,False,False,False,False,0.647,0.532,0.643,0.217,0.284,0.667,0.7,0.412,1.0,0.821,0.5,0.336,0.297,0.3,1.0,1.0,0.72,0.252,0.065,0.5,0.0,0.0,0.508,0.91,0.615,0.523,0.31,0.521,0.811,0.253,0.318,0.757
113,True,False,False,True,False,0.776,0.545,0.647,0.217,0.399,1.0,0.85,0.725,1.0,0.846,1.0,0.444,0.404,0.3,1.0,1.0,0.665,0.442,0.05,0.5,0.0,0.0,0.77,0.955,0.614,0.602,0.385,0.486,0.82,0.307,0.35,0.763
114,True,True,True,False,False,0.572,0.824,0.903,0.66,0.519,1.0,0.35,0.416,0.469,1.0,0.5,0.662,0.609,0.609,0.0,0.0,0.42,0.198,0.045,0.0,0.0,0.5,0.609,0.565,0.781,0.542,0.625,0.851,0.973,0.553,0.773,0.971
115,True,False,False,False,False,0.637,0.652,0.866,0.217,0.188,1.0,0.45,0.329,0.498,0.923,0.5,0.241,0.203,0.3,1.0,1.0,0.28,0.091,0.06,0.5,0.0,0.0,0.575,0.835,0.743,0.502,0.244,0.77,0.964,0.29,0.29,0.945
116,True,False,True,True,False,0.801,0.686,0.636,0.35,0.804,1.0,0.7,0.697,0.537,0.41,0.5,0.73,0.829,0.629,0.0,1.0,0.72,0.673,0.186,0.5,0.0,0.0,0.804,0.91,0.591,0.689,0.739,0.481,0.814,0.539,0.823,0.773
117,True,False,False,False,False,0.638,0.494,0.649,0.15,0.259,0.833,0.75,0.314,1.0,0.923,0.5,0.239,0.233,0.0,1.0,1.0,0.44,0.432,0.057,0.5,0.0,0.0,0.473,0.925,0.621,0.516,0.165,0.558,0.816,0.246,0.071,0.779
118,True,True,False,False,False,0.7,0.736,0.824,0.9,0.459,0.9,0.6,0.624,0.78,0.949,0.5,0.445,0.54,0.54,0.0,0.5,0.665,0.099,0.056,0.5,0.0,0.0,0.704,0.73,0.738,0.664,0.511,0.689,0.966,0.378,0.709,0.937
119,True,True,False,False,False,0.375,0.648,0.903,0.514,0.029,1.0,0.35,0.206,0.442,1.0,0.5,0.172,0.019,0.0,1.0,0.0,0.14,0.048,0.054,0.0,0.0,0.5,0.489,0.348,0.78,0.289,0.059,0.861,0.967,0.411,0.029,0.971
120,True,False,False,False,False,0.68,0.601,0.896,0.15,0.032,1.0,0.5,0.485,0.537,1.0,0.5,0.024,0.021,0.0,1.0,1.0,0.56,0.053,0.041,0.5,0.0,0.0,0.672,0.85,0.782,0.518,0.016,0.833,0.975,0.222,0.007,0.969
121,True,True,True,False,False,0.657,0.672,0.671,0.867,0.517,0.8,0.75,0.515,1.0,0.974,0.5,0.783,0.56,0.627,0.0,0.0,0.56,0.417,0.008,0.5,0.0,0.5,0.63,0.725,0.627,0.616,0.647,0.53,0.845,0.53,0.656,0.796
122,True,False,False,False,False,0.675,0.586,0.852,0.15,0.136,0.923,0.45,0.526,0.737,0.949,0.5,0.124,0.12,0.0,1.0,1.0,0.56,0.226,0.062,0.5,0.0,0.0,0.655,0.835,0.772,0.536,0.085,0.751,0.963,0.233,0.037,0.945
123,True,True,False,False,False,0.431,0.768,0.962,0.581,0.329,1.0,0.2,0.483,0.184,1.0,0.5,0.541,0.357,0.3,1.0,0.0,0.56,0.325,0.032,0.0,0.8,0.5,0.655,0.303,0.799,0.335,0.395,0.956,0.981,0.556,0.358,0.989
124,True,True,False,False,False,0.701,0.655,0.82,0.767,0.324,1.0,0.65,0.547,0.682,0.872,0.5,0.365,0.324,0.3,1.0,0.5,0.42,0.318,0.07,0.5,0.0,0.0,0.681,0.745,0.72,0.676,0.329,0.672,0.958,0.399,0.327,0.92
125,True,False,True,False,False,0.668,0.761,0.849,0.35,0.632,1.0,0.5,0.433,0.566,1.0,0.5,0.619,0.715,0.515,0.0,1.0,0.42,0.386,0.05,0.5,0.0,0.0,0.632,0.85,0.727,0.521,0.626,0.749,0.97,0.378,0.754,0.955
126,True,True,False,False,False,0.562,0.765,0.862,0.867,0.399,0.929,0.55,0.264,0.717,1.0,0.5,0.672,0.452,0.518,0.0,0.0,0.14,0.221,0.051,0.5,0.0,0.5,0.474,0.665,0.776,0.548,0.538,0.775,0.97,0.532,0.591,0.959
127,True,False,False,False,False,0.622,0.697,0.802,0.283,0.398,0.6,0.65,0.411,1.0,0.974,0.5,0.521,0.451,0.317,0.0,1.0,0.42,0.219,0.034,0.5,0.0,0.0,0.461,0.895,0.79,0.51,0.432,0.731,0.98,0.333,0.508,0.936
128,True,False,True,False,False,0.794,0.605,0.615,0.35,0.706,1.0,0.95,0.585,0.84,0.359,1.0,0.64,0.734,0.534,0.0,1.0,0.28,0.51,0.098,0.5,0.0,0.0,0.736,0.985,0.561,0.661,0.646,0.323,0.791,0.489,0.766,0.656
129,True,True,False,False,False,0.518,0.72,0.88,0.567,0.345,1.0,0.2,0.281,0.367,0.974,0.5,0.554,0.368,0.3,1.0,0.0,0.14,0.353,0.058,0.0,0.0,0.5,0.492,0.535,0.734,0.528,0.403,0.809,0.965,0.507,0.362,0.959
130,True,False,True,False,False,0.622,0.758,0.877,0.35,0.533,1.0,0.6,0.272,0.633,1.0,0.5,0.522,0.618,0.418,0.0,1.0,0.44,0.221,0.038,0.5,0.0,0.0,0.503,0.88,0.773,0.483,0.529,0.791,0.977,0.361,0.697,0.963
131,True,False,False,False,False,0.74,0.622,0.654,0.283,0.443,1.0,0.65,0.697,1.0,0.974,0.5,0.555,0.481,0.348,0.0,1.0,0.86,0.295,0.061,0.5,0.0,0.0,0.727,0.895,0.629,0.597,0.463,0.623,0.813,0.354,0.526,0.791
132,True,True,False,False,False,0.651,0.614,0.652,0.833,0.349,0.5,0.7,0.583,1.0,0.923,0.5,0.462,0.388,0.455,0.0,0.5,0.86,0.137,0.05,0.5,0.0,0.0,0.522,0.76,0.621,0.671,0.43,0.556,0.82,0.381,0.531,0.78
133,False,False,False,False,False,0.857,0.341,0.393,0.15,0.471,1.0,0.95,0.612,0.437,0.077,1.0,0.33,0.374,0.0,1.0,1.0,0.42,0.785,0.394,1.0,0.0,0.0,0.871,0.985,0.319,0.716,0.249,0.262,0.505,0.464,0.106,0.367
134,True,True,False,False,False,0.521,0.491,0.635,0.733,0.124,0.571,0.65,0.286,1.0,0.872,0.5,0.265,0.112,0.0,1.0,0.0,0.44,0.206,0.017,0.5,0.0,0.5,0.322,0.695,0.564,0.546,0.124,0.61,0.765,0.356,0.057,0.665
135,True,False,True,False,False,0.728,0.551,0.55,0.35,0.714,0.5,0.8,0.675,1.0,0.41,0.5,0.681,0.769,0.569,0.0,1.0,0.965,0.523,0.131,0.5,0.0,0.0,0.619,0.94,0.502,0.624,0.683,0.303,0.697,0.42,0.788,0.547
136,True,True,False,False,False,0.689,0.584,0.8,0.7,0.329,1.0,0.55,0.418,0.694,0.641,0.5,0.292,0.279,0.0,1.0,0.5,0.28,0.549,0.113,0.5,0.0,0.0,0.669,0.715,0.715,0.683,0.199,0.605,0.932,0.426,0.086,0.868
137,True,True,False,False,False,0.712,0.569,0.846,0.7,0.127,1.0,0.7,0.646,0.708,0.744,1.0,0.117,0.114,0.0,1.0,0.5,0.665,0.211,0.045,0.5,0.0,0.0,0.722,0.76,0.748,0.654,0.081,0.66,0.973,0.273,0.035,0.902
138,True,True,False,False,False,0.55,0.722,0.913,0.527,0.162,1.0,0.15,0.381,0.268,1.0,0.5,0.372,0.186,0.3,1.0,0.0,0.42,0.048,0.055,0.0,0.0,0.5,0.609,0.505,0.76,0.536,0.276,0.881,0.967,0.481,0.307,0.974
139,True,False,True,False,False,0.723,0.733,0.813,0.35,0.619,1.0,0.55,0.543,0.51,0.821,0.5,0.587,0.676,0.476,0.0,1.0,0.42,0.366,0.072,0.5,0.0,0.0,0.709,0.865,0.677,0.595,0.59,0.645,0.957,0.421,0.732,0.908
140,True,True,False,False,False,0.649,0.68,0.674,0.9,0.461,1.0,0.65,0.401,1.0,1.0,0.5,0.446,0.541,0.541,0.0,0.5,0.28,0.102,0.041,0.5,0.0,0.0,0.581,0.745,0.647,0.621,0.512,0.688,0.825,0.372,0.71,0.802
141,True,True,True,False,False,0.659,0.597,0.554,0.933,0.546,1.0,0.75,0.563,1.0,0.897,0.5,0.682,0.628,0.628,0.0,0.0,0.42,0.244,0.028,0.5,0.0,0.5,0.636,0.725,0.44,0.617,0.644,0.493,0.683,0.479,0.785,0.546
142,True,False,False,False,False,0.633,0.597,0.86,0.15,0.214,1.0,0.5,0.365,0.71,0.974,0.5,0.205,0.202,0.0,1.0,1.0,0.28,0.356,0.04,0.5,0.0,0.0,0.554,0.85,0.767,0.495,0.142,0.753,0.976,0.242,0.061,0.953
143,True,False,False,False,False,0.599,0.666,0.899,0.46,0.221,1.0,0.3,0.499,0.587,1.0,0.5,0.361,0.207,0.0,1.0,0.0,0.56,0.369,0.029,0.0,0.0,0.5,0.681,0.55,0.791,0.567,0.191,0.827,0.983,0.463,0.085,0.97
144,True,False,False,False,False,0.592,0.632,0.79,0.217,0.203,0.625,0.65,0.267,1.0,0.949,0.5,0.253,0.213,0.3,1.0,1.0,0.14,0.117,0.024,0.5,0.0,0.0,0.38,0.895,0.768,0.5,0.251,0.689,0.985,0.265,0.293,0.927
145,True,True,False,False,False,0.304,0.788,0.942,0.756,0.279,1.0,0.2,0.233,0.28,1.0,0.5,0.559,0.341,0.408,0.0,0.0,0.14,0.02,0.032,0.0,0.0,0.5,0.472,0.167,0.791,0.273,0.427,0.916,0.981,0.538,0.524,0.983
146,True,True,False,False,False,0.632,0.639,0.864,0.5,0.244,0.727,0.6,0.539,0.992,0.897,0.5,0.378,0.223,0.0,1.0,0.0,0.665,0.407,0.033,0.0,0.0,0.5,0.64,0.655,0.824,0.601,0.202,0.73,0.98,0.458,0.09,0.939
147,True,True,False,False,False,0.594,0.705,0.887,0.567,0.182,0.769,0.45,0.472,0.879,1.0,0.5,0.387,0.199,0.3,1.0,0.0,0.56,0.081,0.025,0.0,0.0,0.5,0.596,0.61,0.83,0.577,0.286,0.799,0.985,0.464,0.311,0.966
148,True,True,False,False,False,0.628,0.774,0.891,0.9,0.446,1.0,0.55,0.369,0.445,0.974,0.5,0.434,0.53,0.53,0.0,0.5,0.28,0.076,0.033,0.5,0.0,0.0,0.566,0.715,0.753,0.604,0.502,0.807,0.98,0.417,0.704,0.962
149,True,False,False,True,False,0.779,0.565,0.777,0.15,0.338,1.0,0.55,0.622,0.722,0.692,0.5,0.299,0.286,0.0,1.0,1.0,0.665,0.564,0.125,0.5,0.0,0.0,0.843,0.865,0.694,0.63,0.204,0.586,0.925,0.354,0.088,0.871
150,True,False,True,True,False,0.746,0.755,0.848,0.35,0.661,1.0,0.65,0.611,0.666,0.846,0.5,0.641,0.734,0.534,0.0,1.0,0.665,0.435,0.055,0.5,0.0,0.0,0.766,0.895,0.748,0.576,0.646,0.705,0.967,0.415,0.766,0.924
151,True,False,True,True,False,0.739,0.718,0.815,0.35,0.543,1.0,0.4,0.587,0.317,0.744,0.5,0.507,0.595,0.395,0.0,1.0,0.56,0.239,0.094,0.5,0.0,0.0,0.783,0.82,0.65,0.613,0.509,0.646,0.944,0.423,0.684,0.893
152,True,False,False,False,False,0.762,0.581,0.737,0.217,0.383,1.0,0.7,0.499,0.444,0.333,0.5,0.35,0.333,0.3,1.0,1.0,0.44,0.416,0.174,1.0,0.0,0.0,0.71,0.91,0.608,0.666,0.328,0.448,0.896,0.446,0.326,0.788
153,True,True,False,False,False,0.512,0.794,0.88,0.633,0.432,1.0,0.45,0.429,0.539,0.974,0.5,0.574,0.521,0.521,0.0,0.0,0.42,0.053,0.062,0.0,0.0,0.5,0.612,0.385,0.77,0.54,0.537,0.813,0.963,0.515,0.721,0.959
154,True,True,False,False,False,0.612,0.723,0.733,0.867,0.415,1.0,0.6,0.371,0.981,0.949,0.5,0.683,0.462,0.529,0.0,0.0,0.58,0.246,0.041,0.5,0.0,0.5,0.578,0.68,0.743,0.579,0.548,0.691,0.9,0.516,0.597,0.91
155,True,False,False,False,False,0.558,0.551,0.676,0.217,0.255,0.5,0.7,0.257,1.0,0.974,0.5,0.314,0.278,0.3,1.0,1.0,0.44,0.203,0.011,0.5,0.0,0.0,0.292,0.91,0.635,0.473,0.295,0.58,0.844,0.224,0.312,0.798
156,True,False,False,False,False,0.677,0.557,0.806,0.15,0.163,1.0,0.65,0.466,0.741,0.872,0.5,0.145,0.139,0.0,1.0,1.0,0.28,0.272,0.069,0.5,0.0,0.0,0.593,0.895,0.711,0.542,0.099,0.642,0.959,0.223,0.043,0.916
157,True,True,True,False,False,0.637,0.839,0.947,0.9,0.601,1.0,0.3,0.483,0.24,1.0,0.5,0.596,0.694,0.694,0.0,0.5,0.56,0.336,0.036,0.5,0.0,0.0,0.661,0.64,0.792,0.611,0.665,0.93,0.979,0.498,0.802,0.984
158,True,False,False,False,False,0.646,0.714,0.855,0.283,0.43,1.0,0.6,0.379,0.675,0.974,0.5,0.545,0.472,0.339,0.0,1.0,0.14,0.272,0.043,0.5,0.0,0.0,0.533,0.88,0.753,0.525,0.454,0.745,0.974,0.38,0.521,0.951
159,True,False,False,False,False,0.646,0.567,0.615,0.283,0.462,0.8,0.75,0.288,1.0,0.692,0.5,0.569,0.493,0.36,0.0,1.0,0.44,0.325,0.105,0.5,0.0,0.0,0.485,0.925,0.598,0.528,0.476,0.431,0.787,0.36,0.534,0.723
160,True,False,False,False,False,0.634,0.696,0.929,0.217,0.248,1.0,0.35,0.378,0.525,1.0,0.5,0.308,0.273,0.3,1.0,1.0,0.42,0.191,0.023,0.5,0.0,0.0,0.604,0.805,0.817,0.492,0.292,0.881,0.986,0.324,0.311,0.979
161,True,False,False,False,False,0.711,0.604,0.708,0.217,0.306,1.0,0.7,0.53,0.938,0.846,0.5,0.352,0.311,0.3,1.0,1.0,0.42,0.287,0.065,0.5,0.0,0.0,0.662,0.91,0.711,0.561,0.32,0.634,0.886,0.295,0.323,0.882
162,True,True,False,True,False,0.76,0.525,0.639,0.767,0.287,0.8,0.75,0.722,1.0,0.564,0.5,0.315,0.269,0.3,1.0,0.5,0.965,0.256,0.06,0.5,0.0,0.0,0.759,0.775,0.608,0.747,0.292,0.395,0.814,0.401,0.311,0.705
163,True,False,False,False,False,0.61,0.597,0.633,0.35,0.444,0.857,0.65,0.286,1.0,0.923,0.5,0.433,0.529,0.329,0.0,1.0,0.14,0.074,0.012,0.5,0.0,0.0,0.447,0.895,0.559,0.487,0.441,0.618,0.768,0.28,0.643,0.675
164,True,True,True,False,False,0.625,0.598,0.563,0.933,0.56,0.5,0.8,0.553,1.0,0.923,0.5,0.693,0.637,0.637,0.0,0.0,0.86,0.267,0.004,0.5,0.0,0.5,0.51,0.74,0.44,0.624,0.653,0.457,0.698,0.493,0.79,0.554
165,False,True,False,False,False,0.694,0.438,0.388,0.833,0.431,0.5,0.85,0.834,0.583,0.59,0.5,0.546,0.473,0.54,0.0,0.5,0.665,0.274,0.288,0.5,0.0,0.0,0.56,0.805,0.279,0.717,0.515,0.416,0.477,0.379,0.581,0.334
166,True,False,False,False,False,0.687,0.613,0.75,0.217,0.286,1.0,0.8,0.481,0.888,0.949,0.5,0.337,0.298,0.3,1.0,1.0,0.58,0.254,0.058,0.5,0.0,0.0,0.582,0.94,0.707,0.538,0.31,0.605,0.965,0.259,0.319,0.915
167,True,False,False,False,False,0.741,0.55,0.605,0.283,0.436,1.0,0.8,0.555,1.0,0.846,0.5,0.549,0.476,0.343,0.0,1.0,0.56,0.282,0.036,0.5,0.0,0.0,0.719,0.94,0.532,0.564,0.458,0.488,0.753,0.334,0.523,0.651
168,False,False,False,False,False,0.821,0.345,0.253,0.217,0.427,0.571,0.8,0.603,0.321,0.051,0.5,0.35,0.363,0.3,1.0,1.0,0.965,0.49,0.664,1.0,0.0,0.0,0.807,0.94,0.238,0.717,0.34,0.29,0.334,0.472,0.33,0.3
169,True,False,False,False,False,0.724,0.581,0.668,0.217,0.292,1.0,0.7,0.546,0.961,1.0,0.5,0.341,0.302,0.3,1.0,1.0,0.56,0.264,0.046,0.5,0.0,0.0,0.709,0.91,0.634,0.555,0.313,0.682,0.822,0.279,0.32,0.8
170,True,True,False,False,False,0.683,0.533,0.548,0.833,0.462,0.75,0.8,0.52,1.0,0.846,0.5,0.569,0.493,0.56,0.0,0.5,0.42,0.325,0.034,0.5,0.0,0.0,0.585,0.79,0.434,0.674,0.536,0.434,0.68,0.424,0.594,0.534
171,True,True,False,False,False,0.666,0.669,0.886,0.767,0.167,1.0,0.5,0.506,0.817,0.974,0.5,0.225,0.189,0.3,1.0,0.5,0.56,0.056,0.013,0.5,0.0,0.0,0.674,0.7,0.81,0.624,0.233,0.777,0.992,0.327,0.285,0.961
172,True,False,True,False,False,0.605,0.642,0.68,0.283,0.532,0.333,0.75,0.48,1.0,0.821,0.5,0.644,0.57,0.437,0.0,1.0,0.28,0.442,0.088,0.5,0.0,0.0,0.339,0.925,0.696,0.553,0.552,0.519,0.872,0.369,0.58,0.868
173,True,False,False,False,False,0.613,0.627,0.874,0.46,0.024,1.0,0.35,0.537,0.592,1.0,0.5,0.168,0.016,0.0,1.0,0.0,0.665,0.041,0.054,0.0,0.0,0.5,0.709,0.565,0.77,0.564,0.057,0.803,0.968,0.376,0.028,0.962
174,False,True,False,False,False,0.739,0.315,0.353,0.7,0.171,1.0,0.8,0.613,0.5,0.538,1.0,0.128,0.114,0.0,1.0,0.5,0.28,0.284,0.377,0.5,0.0,0.0,0.691,0.79,0.249,0.736,0.084,0.403,0.44,0.35,0.036,0.347
175,True,True,False,False,False,0.587,0.611,0.843,0.5,0.16,1.0,0.65,0.323,1.0,0.872,0.5,0.293,0.137,0.0,1.0,0.0,0.14,0.267,0.019,0.0,0.0,0.5,0.53,0.67,0.789,0.561,0.142,0.666,0.988,0.41,0.064,0.927
176,True,False,False,True,False,0.832,0.505,0.573,0.217,0.409,1.0,0.85,0.735,0.917,0.641,0.5,0.429,0.381,0.3,1.0,1.0,0.965,0.46,0.099,0.5,0.0,0.0,0.871,0.955,0.501,0.671,0.371,0.462,0.716,0.403,0.345,0.6
177,True,False,True,False,False,0.742,0.577,0.571,0.35,0.587,1.0,0.9,0.565,0.917,0.718,1.0,0.563,0.655,0.455,0.0,1.0,0.72,0.312,0.103,0.5,0.0,0.0,0.677,0.97,0.5,0.578,0.567,0.485,0.713,0.355,0.719,0.615
178,True,False,False,False,False,0.639,0.722,0.917,0.283,0.293,0.941,0.45,0.41,0.659,1.0,0.5,0.419,0.351,0.217,0.0,1.0,0.42,0.043,0.021,0.5,0.0,0.0,0.582,0.835,0.826,0.499,0.331,0.855,0.988,0.346,0.447,0.975
179,True,False,False,False,False,0.692,0.572,0.853,0.15,0.062,1.0,0.4,0.556,0.553,0.872,0.5,0.047,0.042,0.0,1.0,1.0,0.56,0.104,0.061,0.5,0.0,0.0,0.702,0.82,0.735,0.553,0.031,0.728,0.963,0.227,0.013,0.93
180,False,False,False,False,False,0.827,0.162,0.101,0.15,0.3,1.0,0.95,0.68,0.5,0.0,1.0,0.15,0.2,0.0,0.5,1.0,0.44,0.5,0.833,1.0,0.0,0.0,0.76,0.985,0.141,0.736,0.125,0.115,0.133,0.413,0.052,0.097
181,True,False,True,False,False,0.688,0.676,0.681,0.35,0.644,1.0,0.65,0.419,1.0,0.949,0.5,0.628,0.723,0.523,0.0,1.0,0.42,0.407,0.018,0.5,0.0,0.0,0.644,0.895,0.646,0.526,0.634,0.628,0.839,0.359,0.759,0.794
182,True,False,False,False,False,0.743,0.532,0.559,0.283,0.48,1.0,0.75,0.599,1.0,0.897,0.5,0.583,0.506,0.372,0.0,1.0,0.72,0.356,0.027,0.5,0.0,0.0,0.703,0.925,0.446,0.602,0.489,0.501,0.684,0.387,0.542,0.547
183,True,False,False,False,False,0.614,0.673,0.869,0.217,0.351,1.0,0.55,0.27,0.875,1.0,0.5,0.409,0.372,0.3,1.0,1.0,0.14,0.363,0.03,0.5,0.0,0.0,0.498,0.865,0.807,0.479,0.361,0.769,0.982,0.312,0.34,0.961
184,True,False,True,True,False,0.809,0.681,0.773,0.35,0.586,1.0,0.65,0.69,0.397,0.462,0.5,0.539,0.624,0.424,0.0,1.0,0.665,0.31,0.118,0.5,0.0,0.0,0.871,0.895,0.621,0.662,0.539,0.503,0.929,0.446,0.702,0.824
185,True,True,False,False,False,0.628,0.826,0.946,0.867,0.468,1.0,0.3,0.539,0.329,1.0,0.5,0.746,0.528,0.594,0.0,0.0,0.665,0.336,0.029,0.5,0.0,0.5,0.706,0.59,0.805,0.589,0.613,0.922,0.983,0.606,0.636,0.984
186,True,True,True,False,False,0.647,0.591,0.582,0.867,0.575,0.75,0.8,0.505,1.0,0.59,0.5,0.826,0.599,0.665,0.0,0.0,0.58,0.513,0.066,0.5,0.0,0.5,0.548,0.74,0.515,0.653,0.687,0.357,0.735,0.591,0.68,0.593
187,True,True,True,False,False,0.571,0.789,0.894,0.9,0.517,1.0,0.35,0.259,0.442,0.974,0.5,0.511,0.608,0.608,0.0,0.5,0.14,0.196,0.048,0.5,0.0,0.0,0.487,0.655,0.765,0.57,0.579,0.829,0.971,0.433,0.75,0.963
188,True,True,False,False,False,0.435,0.794,0.9,0.648,0.48,1.0,0.4,0.388,0.668,0.949,0.5,0.755,0.536,0.602,0.0,0.0,0.42,0.356,0.029,0.0,0.0,0.5,0.614,0.363,0.808,0.329,0.622,0.814,0.983,0.575,0.641,0.96
189,True,False,True,False,False,0.715,0.696,0.79,0.35,0.571,1.0,0.7,0.455,0.533,0.615,0.5,0.528,0.614,0.414,0.0,1.0,0.44,0.284,0.084,0.5,0.0,0.0,0.631,0.91,0.655,0.605,0.528,0.549,0.949,0.428,0.695,0.86
190,True,False,False,False,False,0.646,0.726,0.875,0.283,0.482,0.929,0.5,0.393,0.727,0.923,0.5,0.606,0.537,0.403,0.0,1.0,0.42,0.358,0.041,0.5,0.0,0.0,0.586,0.85,0.791,0.502,0.518,0.768,0.975,0.379,0.559,0.947
191,False,False,True,False,False,0.875,0.402,0.337,0.283,0.562,1.0,0.95,0.831,0.45,0.051,1.0,0.55,0.53,0.397,0.0,1.0,0.72,0.492,0.471,1.0,0.0,0.0,0.875,0.985,0.295,0.763,0.496,0.209,0.432,0.53,0.548,0.291
192,True,True,False,False,False,0.664,0.621,0.896,0.7,0.134,1.0,0.45,0.464,0.827,0.949,0.5,0.123,0.119,0.0,1.0,0.5,0.56,0.224,0.025,0.5,0.0,0.0,0.684,0.685,0.832,0.622,0.085,0.802,0.985,0.323,0.036,0.959
193,True,False,False,False,False,0.613,0.614,0.908,0.15,0.114,1.0,0.4,0.299,0.787,1.0,0.5,0.108,0.106,0.0,1.0,1.0,0.28,0.191,0.021,0.5,0.0,0.0,0.544,0.82,0.839,0.476,0.075,0.837,0.987,0.242,0.032,0.972
194,True,True,False,False,False,0.455,0.761,0.887,0.648,0.314,1.0,0.5,0.425,0.796,0.974,0.5,0.585,0.365,0.431,0.0,0.0,0.42,0.079,0.036,0.0,0.0,0.5,0.627,0.393,0.818,0.345,0.451,0.801,0.979,0.527,0.539,0.961
195,True,False,False,False,False,0.676,0.759,0.91,0.35,0.435,1.0,0.45,0.475,0.638,1.0,0.5,0.426,0.523,0.323,0.0,1.0,0.56,0.058,0.027,0.5,0.0,0.0,0.675,0.835,0.815,0.518,0.434,0.847,0.984,0.353,0.639,0.973
196,True,True,False,False,False,0.649,0.766,0.871,0.9,0.459,1.0,0.4,0.494,0.395,0.949,0.5,0.445,0.54,0.54,0.0,0.5,0.42,0.099,0.05,0.5,0.0,0.0,0.639,0.67,0.723,0.638,0.511,0.776,0.97,0.422,0.709,0.951
197,True,True,False,False,False,0.561,0.662,0.935,0.733,0.026,1.0,0.3,0.312,0.497,1.0,0.5,0.169,0.017,0.0,1.0,0.0,0.28,0.043,0.023,0.5,0.0,0.5,0.546,0.59,0.82,0.546,0.058,0.893,0.986,0.423,0.028,0.981
198,True,False,False,False,False,0.599,0.63,0.748,0.217,0.344,0.889,0.6,0.25,1.0,0.974,0.5,0.403,0.367,0.3,1.0,1.0,0.44,0.351,0.017,0.5,0.0,0.0,0.446,0.88,0.755,0.47,0.358,0.705,0.915,0.274,0.339,0.919
199,True,True,False,False,False,0.583,0.508,0.62,0.5,0.233,1.0,0.7,0.323,1.0,0.949,0.5,0.37,0.216,0.0,1.0,0.0,0.14,0.389,0.031,0.0,0.0,0.5,0.513,0.685,0.551,0.55,0.197,0.619,0.756,0.4,0.088,0.676
200,True,True,False,False,False,0.633,0.687,0.863,0.567,0.19,0.917,0.55,0.542,0.812,0.949,0.5,0.392,0.204,0.3,1.0,0.0,0.86,0.094,0.032,0.0,0.0,0.5,0.663,0.64,0.786,0.596,0.289,0.741,0.981,0.452,0.313,0.949
201,True,True,True,False,False,0.61,0.764,0.748,0.933,0.54,0.5,0.6,0.566,1.0,0.949,0.5,0.678,0.624,0.624,0.0,0.0,0.665,0.234,0.017,0.5,0.0,0.5,0.535,0.68,0.755,0.613,0.64,0.697,0.915,0.51,0.782,0.914
202,True,False,False,False,False,0.589,0.624,0.91,0.15,0.125,1.0,0.1,0.295,0.383,1.0,0.5,0.116,0.113,0.0,1.0,1.0,0.28,0.208,0.05,0.5,0.8,0.0,0.555,0.73,0.776,0.482,0.08,0.871,0.97,0.272,0.034,0.973
203,True,False,True,False,False,0.684,0.719,0.839,0.283,0.505,1.0,0.6,0.47,0.63,0.974,0.5,0.623,0.552,0.419,0.0,1.0,0.42,0.396,0.065,0.5,0.0,0.0,0.638,0.88,0.733,0.533,0.533,0.735,0.961,0.383,0.569,0.947
204,True,True,False,False,False,0.587,0.73,0.901,0.8,0.342,1.0,0.55,0.301,0.623,0.974,0.5,0.552,0.366,0.3,1.0,0.0,0.28,0.348,0.039,0.5,0.0,0.5,0.549,0.665,0.806,0.546,0.402,0.834,0.976,0.515,0.361,0.965
205,True,True,False,False,False,0.468,0.679,0.942,0.5,0.119,1.0,0.35,0.517,0.48,1.0,0.5,0.262,0.109,0.0,1.0,0.0,0.665,0.198,0.028,0.0,0.0,0.5,0.714,0.343,0.829,0.348,0.122,0.912,0.983,0.463,0.056,0.983
206,True,True,False,False,False,0.637,0.723,0.82,0.593,0.364,0.7,0.55,0.587,0.855,0.795,0.5,0.623,0.398,0.465,0.0,0.0,0.665,0.162,0.074,0.0,0.0,0.5,0.662,0.625,0.756,0.622,0.486,0.653,0.956,0.542,0.559,0.905
207,True,True,False,False,False,0.646,0.611,0.655,0.8,0.393,0.857,0.75,0.452,1.0,0.897,0.5,0.589,0.399,0.3,1.0,0.0,0.42,0.432,0.061,0.5,0.0,0.5,0.602,0.725,0.63,0.61,0.427,0.602,0.813,0.491,0.372,0.776
208,True,False,False,False,False,0.719,0.649,0.852,0.217,0.266,1.0,0.6,0.598,0.806,0.974,0.5,0.322,0.285,0.3,1.0,1.0,0.665,0.221,0.027,0.5,0.0,0.0,0.728,0.88,0.767,0.548,0.301,0.723,0.984,0.271,0.314,0.95
209,True,True,False,False,False,0.703,0.528,0.56,0.833,0.305,1.0,0.75,0.655,0.792,0.974,0.5,0.429,0.359,0.425,0.0,0.5,0.56,0.063,0.018,0.5,0.0,0.0,0.678,0.775,0.401,0.656,0.4,0.555,0.689,0.319,0.512,0.563
210,True,False,False,False,False,0.729,0.575,0.678,0.217,0.231,1.0,0.8,0.516,0.704,0.846,0.5,0.273,0.232,0.3,1.0,1.0,0.42,0.162,0.09,0.5,0.0,0.0,0.677,0.94,0.635,0.568,0.265,0.563,0.871,0.269,0.299,0.873
211,True,False,False,False,False,0.757,0.515,0.563,0.217,0.405,1.0,0.8,0.7,0.796,0.846,0.5,0.449,0.408,0.3,1.0,1.0,0.86,0.452,0.125,0.5,0.0,0.0,0.731,0.94,0.477,0.601,0.388,0.569,0.7,0.319,0.352,0.638
212,True,True,True,False,False,0.562,0.657,0.646,0.9,0.555,0.5,0.7,0.289,1.0,0.897,0.5,0.539,0.634,0.634,0.0,0.5,0.14,0.259,0.057,0.5,0.0,0.0,0.325,0.76,0.617,0.601,0.605,0.544,0.816,0.386,0.766,0.773
213,True,False,True,False,False,0.64,0.753,0.855,0.35,0.633,1.0,0.45,0.388,0.573,0.846,0.5,0.62,0.716,0.516,0.0,1.0,0.28,0.389,0.062,0.5,0.0,0.0,0.573,0.835,0.743,0.513,0.627,0.727,0.963,0.392,0.755,0.926
214,True,False,False,False,False,0.733,0.517,0.611,0.217,0.418,1.0,0.75,0.596,1.0,0.846,0.5,0.459,0.417,0.3,1.0,1.0,0.72,0.475,0.022,0.5,0.0,0.0,0.685,0.925,0.533,0.589,0.394,0.486,0.762,0.331,0.355,0.653
215,True,False,True,False,False,0.685,0.752,0.868,0.35,0.536,1.0,0.45,0.515,0.643,1.0,0.5,0.524,0.62,0.42,0.0,1.0,0.56,0.226,0.034,0.5,0.0,0.0,0.686,0.835,0.76,0.533,0.532,0.769,0.98,0.354,0.698,0.96
216,True,True,False,False,False,0.612,0.437,0.574,0.5,0.055,0.833,0.7,0.481,1.0,0.923,0.5,0.191,0.037,0.0,1.0,0.0,0.42,0.091,0.008,0.0,0.0,0.5,0.568,0.685,0.458,0.583,0.072,0.558,0.695,0.34,0.034,0.557
217,True,False,False,False,False,0.694,0.442,0.606,0.15,0.07,1.0,0.65,0.45,0.888,0.923,0.5,0.053,0.047,0.0,1.0,1.0,0.72,0.117,0.046,0.5,0.0,0.0,0.65,0.895,0.516,0.537,0.034,0.598,0.747,0.182,0.015,0.666
218,True,True,False,False,False,0.521,0.8,0.895,0.633,0.477,1.0,0.25,0.257,0.349,1.0,0.5,0.753,0.534,0.6,0.0,0.0,0.14,0.351,0.057,0.0,0.0,0.5,0.49,0.55,0.751,0.522,0.619,0.847,0.966,0.58,0.64,0.969
219,True,False,False,False,False,0.764,0.383,0.583,0.15,0.128,1.0,0.95,0.789,0.422,0.128,1.0,0.119,0.115,0.0,1.0,1.0,0.665,0.213,0.171,0.5,0.0,0.0,0.723,0.985,0.469,0.583,0.082,0.375,0.747,0.158,0.035,0.6
220,True,False,True,True,False,0.783,0.727,0.817,0.35,0.651,1.0,0.55,0.651,0.87,0.615,0.5,0.611,0.698,0.498,0.0,1.0,0.665,0.419,0.082,0.5,0.0,0.0,0.846,0.865,0.759,0.638,0.612,0.601,0.951,0.47,0.746,0.868
221,True,False,True,False,False,0.643,0.702,0.717,0.35,0.56,1.0,0.6,0.365,0.796,0.923,0.5,0.543,0.637,0.437,0.0,1.0,0.44,0.267,0.052,0.5,0.0,0.0,0.53,0.88,0.689,0.52,0.548,0.663,0.894,0.343,0.708,0.9
222,True,True,False,False,False,0.625,0.65,0.891,0.733,0.131,0.786,0.45,0.527,0.811,1.0,0.5,0.271,0.117,0.0,1.0,0.0,0.665,0.219,0.03,0.5,0.0,0.5,0.64,0.635,0.825,0.599,0.128,0.813,0.982,0.429,0.058,0.967
223,True,True,True,False,False,0.641,0.639,0.652,0.833,0.527,0.833,0.7,0.375,1.0,0.846,0.5,0.641,0.567,0.634,0.0,0.5,0.28,0.435,0.054,0.5,0.0,0.0,0.534,0.76,0.623,0.629,0.609,0.537,0.818,0.435,0.638,0.765
224,True,True,False,False,False,0.674,0.697,0.839,0.833,0.308,1.0,0.35,0.562,0.5,0.872,0.5,0.431,0.361,0.427,0.0,0.5,0.665,0.069,0.073,0.5,0.0,0.0,0.726,0.655,0.711,0.64,0.402,0.712,0.956,0.379,0.514,0.926
225,False,False,False,False,False,0.802,0.437,0.449,0.217,0.427,0.6,0.9,0.862,0.84,0.615,1.0,0.44,0.393,0.3,1.0,1.0,0.665,0.49,0.231,0.5,0.0,0.0,0.729,0.97,0.362,0.708,0.379,0.4,0.562,0.417,0.348,0.458
226,True,False,False,True,False,0.788,0.596,0.769,0.217,0.299,1.0,0.55,0.693,0.417,0.538,0.5,0.324,0.277,0.3,1.0,1.0,0.665,0.277,0.143,0.5,0.0,0.0,0.851,0.865,0.631,0.649,0.298,0.542,0.914,0.37,0.314,0.838
227,True,False,False,False,False,0.627,0.671,0.859,0.217,0.371,1.0,0.55,0.291,0.452,0.949,0.5,0.423,0.385,0.3,1.0,1.0,0.14,0.396,0.058,0.5,0.0,0.0,0.518,0.865,0.721,0.497,0.371,0.759,0.965,0.339,0.345,0.947
228,True,False,False,True,False,0.804,0.629,0.696,0.283,0.416,1.0,0.95,0.697,0.704,0.692,1.0,0.512,0.433,0.299,0.0,1.0,0.56,0.249,0.055,0.5,0.0,0.0,0.789,0.985,0.642,0.639,0.417,0.516,0.892,0.393,0.498,0.847
229,True,True,False,False,False,0.621,0.647,0.794,0.5,0.264,1.0,0.65,0.639,0.534,0.692,0.5,0.448,0.254,0.3,1.0,0.0,0.56,0.218,0.099,0.0,0.0,0.5,0.771,0.445,0.671,0.649,0.326,0.602,0.932,0.513,0.329,0.86
230,True,True,False,False,False,0.675,0.707,0.924,0.767,0.254,1.0,0.45,0.527,0.521,0.974,0.5,0.313,0.277,0.3,1.0,0.5,0.665,0.201,0.031,0.5,0.0,0.0,0.715,0.685,0.814,0.626,0.295,0.872,0.982,0.397,0.312,0.972
231,True,False,True,False,False,0.729,0.579,0.633,0.35,0.552,0.8,0.75,0.771,1.0,0.513,0.5,0.537,0.632,0.432,0.0,1.0,0.965,0.254,0.074,0.5,0.0,0.0,0.667,0.925,0.607,0.596,0.543,0.382,0.806,0.31,0.705,0.692
232,True,False,False,False,False,0.676,0.667,0.884,0.217,0.246,1.0,0.5,0.503,0.758,1.0,0.5,0.307,0.272,0.3,1.0,1.0,0.56,0.188,0.031,0.5,0.0,0.0,0.663,0.85,0.805,0.516,0.291,0.799,0.981,0.281,0.31,0.965
233,False,False,True,False,False,0.837,0.449,0.337,0.35,0.779,1.0,0.95,0.624,1.0,0.077,1.0,0.64,0.783,0.583,0.0,1.0,0.58,0.632,0.439,1.0,0.0,0.0,0.809,0.985,0.342,0.718,0.68,0.15,0.437,0.555,0.788,0.317
234,True,True,True,False,False,0.679,0.747,0.733,0.9,0.755,0.875,0.7,0.383,0.984,0.538,0.5,0.711,0.797,0.797,0.0,0.5,0.44,0.592,0.117,0.5,0.0,0.0,0.585,0.76,0.732,0.693,0.771,0.546,0.93,0.564,0.865,0.828
235,True,False,False,False,False,0.629,0.69,0.846,0.283,0.352,1.0,0.45,0.255,0.597,0.872,0.5,0.464,0.39,0.257,0.0,1.0,0.14,0.142,0.065,0.5,0.0,0.0,0.545,0.835,0.736,0.508,0.372,0.718,0.961,0.37,0.472,0.928
236,True,False,False,False,False,0.658,0.634,0.821,0.217,0.289,1.0,0.55,0.405,0.682,0.897,0.5,0.339,0.3,0.3,1.0,1.0,0.28,0.259,0.069,0.5,0.0,0.0,0.585,0.865,0.72,0.525,0.312,0.68,0.958,0.289,0.319,0.926
237,True,False,True,False,False,0.705,0.702,0.811,0.35,0.542,1.0,0.55,0.624,0.462,0.769,0.5,0.529,0.625,0.425,0.0,1.0,0.56,0.236,0.083,0.5,0.0,0.0,0.692,0.865,0.669,0.559,0.536,0.635,0.95,0.329,0.7,0.897
238,True,True,True,False,False,0.66,0.693,0.679,0.9,0.574,1.0,0.65,0.381,1.0,0.974,0.5,0.553,0.646,0.646,0.0,0.5,0.28,0.29,0.021,0.5,0.0,0.0,0.604,0.745,0.644,0.632,0.618,0.633,0.838,0.422,0.774,0.799
239,True,False,False,False,False,0.658,0.683,0.726,0.283,0.491,0.625,0.7,0.505,1.0,1.0,0.5,0.613,0.543,0.409,0.0,1.0,0.56,0.374,0.042,0.5,0.0,0.0,0.534,0.91,0.738,0.53,0.524,0.694,0.9,0.342,0.563,0.918
